cargo,dept,seats,party,votes
diputado,Amazonas,2,VOTOS EN BLANCO,84012
diputado,Amazonas,2,VOTOS NULOS,25761
diputado,Amazonas,2,FUERZA POPULAR,20370
diputado,Amazonas,2,AHORA NACIÓN - AN,9260
diputado,Amazonas,2,PODEMOS PERÚ,7346
diputado,Amazonas,2,PARTIDO DEMOCRÁTICO SOMOS PERÚ,5934
diputado,Amazonas,2,RENOVACIÓN POPULAR,5375
diputado,Amazonas,2,ALIANZA PARA EL PROGRESO,5251
diputado,Amazonas,2,PARTIDO DEL BUEN GOBIERNO,4285
diputado,Amazonas,2,ALIANZA ELECTORAL VENCEREMOS,4058
diputado,Amazonas,2,PARTIDO POLÍTICO NACIONAL PERÚ LIBRE,2379
diputado,Amazonas,2,PARTIDO PAÍS PARA TODOS,2173
diputado,Amazonas,2,"PRIMERO LA GENTE – COMUNIDAD, ECOLOGÍA, LIBERTAD Y PROGRESO",2151
diputado,Amazonas,2,FRENTE POPULAR AGRÍCOLA FÍA DEL PERÚ,1938
diputado,Amazonas,2,PARTIDO POLÍTICO COOPERACIÓN POPULAR,1667
diputado,Amazonas,2,PARTIDO POLÍTICO PERÚ PRIMERO,1410
diputado,Amazonas,2,PARTIDO APRISTA PERUANO,1336
diputado,Amazonas,2,PARTIDO PATRIÓTICO DEL PERÚ,1127
diputado,Amazonas,2,PARTIDO FRENTE DE LA ESPERANZA 2021,968
diputado,Amazonas,2,AVANZA PAÍS - PARTIDO DE INTEGRACIÓN SOCIAL,916
diputado,Amazonas,2,PARTIDO MORADO,793
diputado,Amazonas,2,PARTIDO DEMÓCRATA UNIDO PERÚ,711
diputado,Amazonas,2,PARTIDO DEMÓCRATA VERDE,675
diputado,Amazonas,2,UN CAMINO DIFERENTE,529
diputado,Amazonas,2,PARTIDO DEMOCRATICO FEDERAL,404
diputado,Amazonas,2,PROGRESEMOS,393
diputado,Amazonas,2,LIBERTAD POPULAR,292
diputado,Amazonas,2,PARTIDO POLÍTICO PRIN,286
diputado,Amazonas,2,PARTIDO POLÍTICO INTEGRIDAD DEMOCRÁTICA,281
diputado,Amazonas,2,UNIDAD NACIONAL,280
diputado,Amazonas,2,FUERZA Y LIBERTAD,224
diputado,Amazonas,2,PERÚ MODERNO,75
diputado,Áncash,5,VOTOS NULOS,118105
diputado,Áncash,5,VOTOS EN BLANCO,104970
diputado,Áncash,5,FUERZA POPULAR,71220
diputado,Áncash,5,JUNTOS POR EL PERÚ,64770
diputado,Áncash,5,PARTIDO PAÍS PARA TODOS,46012
diputado,Áncash,5,AHORA NACIÓN - AN,38546
diputado,Áncash,5,PARTIDO CÍVICO OBRAS,37796
diputado,Áncash,5,PARTIDO DEL BUEN GOBIERNO,30764
diputado,Áncash,5,RENOVACIÓN POPULAR,29227
diputado,Áncash,5,ALIANZA PARA EL PROGRESO,25177
diputado,Áncash,5,PODEMOS PERÚ,21446
diputado,Áncash,5,PARTIDO DEMOCRÁTICO SOMOS PERÚ,15006
diputado,Áncash,5,"PRIMERO LA GENTE – COMUNIDAD, ECOLOGÍA, LIBERTAD Y PROGRESO",11412
diputado,Áncash,5,PARTIDO APRISTA PERUANO,8487
diputado,Áncash,5,PARTIDO FRENTE DE LA ESPERANZA 2021,8361
diputado,Áncash,5,FRENTE POPULAR AGRÍCOLA FÍA DEL PERÚ,7937
diputado,Áncash,5,PARTIDO POLÍTICO PERÚ PRIMERO,7105
diputado,Áncash,5,PARTIDO DEMÓCRATA VERDE,6850
diputado,Áncash,5,ALIANZA ELECTORAL VENCEREMOS,5373
diputado,Áncash,5,PROGRESEMOS,4845
diputado,Áncash,5,PARTIDO PATRIÓTICO DEL PERÚ,4116
diputado,Áncash,5,PARTIDO POLÍTICO NACIONAL PERÚ LIBRE,4101
diputado,Áncash,5,UN CAMINO DIFERENTE,4073
diputado,Áncash,5,LIBERTAD POPULAR,3536
diputado,Áncash,5,PARTIDO DEMÓCRATA UNIDO PERÚ,2889
diputado,Áncash,5,PARTIDO POLÍTICO COOPERACIÓN POPULAR,2851
diputado,Áncash,5,PARTIDO MORADO,2479
diputado,Áncash,5,FE EN EL PERÚ,1424
diputado,Áncash,5,UNIDAD NACIONAL,1395
diputado,Áncash,5,PARTIDO POLÍTICO INTEGRIDAD DEMOCRÁTICA,1274
diputado,Áncash,5,AVANZA PAÍS - PARTIDO DE INTEGRACIÓN SOCIAL,1194
diputado,Áncash,5,FUERZA Y LIBERTAD,1115
diputado,Áncash,5,SALVEMOS AL PERÚ,1016
diputado,Áncash,5,PARTIDO POLÍTICO PERÚ ACCIÓN,979
diputado,Áncash,5,PARTIDO DEMOCRATICO FEDERAL,787
diputado,Áncash,5,PARTIDO POLÍTICO PRIN,619
diputado,Apurímac,2,JUNTOS POR EL PERÚ,69211
diputado,Apurímac,2,VOTOS EN BLANCO,45998
diputado,Apurímac,2,VOTOS NULOS,35246
diputado,Apurímac,2,AHORA NACIÓN - AN,20635
diputado,Apurímac,2,PARTIDO CÍVICO OBRAS,20164
diputado,Apurímac,2,FUERZA POPULAR,9881
diputado,Apurímac,2,FRENTE POPULAR AGRÍCOLA FÍA DEL PERÚ,7063
diputado,Apurímac,2,PARTIDO DEL BUEN GOBIERNO,6230
diputado,Apurímac,2,RENOVACIÓN POPULAR,4513
diputado,Apurímac,2,PODEMOS PERÚ,4364
diputado,Apurímac,2,PARTIDO POLÍTICO NACIONAL PERÚ LIBRE,3638
diputado,Apurímac,2,PROGRESEMOS,3282
diputado,Apurímac,2,ALIANZA PARA EL PROGRESO,3241
diputado,Apurímac,2,LIBERTAD POPULAR,2618
diputado,Apurímac,2,ALIANZA ELECTORAL VENCEREMOS,2610
diputado,Apurímac,2,PARTIDO PATRIÓTICO DEL PERÚ,2045
diputado,Apurímac,2,PARTIDO POLÍTICO PERÚ PRIMERO,2002
diputado,Apurímac,2,PARTIDO PAÍS PARA TODOS,1801
diputado,Apurímac,2,PARTIDO DEMOCRÁTICO SOMOS PERÚ,1706
diputado,Apurímac,2,PARTIDO POLÍTICO COOPERACIÓN POPULAR,1340
diputado,Apurímac,2,PARTIDO APRISTA PERUANO,1233
diputado,Apurímac,2,PARTIDO DEMÓCRATA VERDE,930
diputado,Apurímac,2,AVANZA PAÍS - PARTIDO DE INTEGRACIÓN SOCIAL,885
diputado,Apurímac,2,PARTIDO MORADO,841
diputado,Apurímac,2,SALVEMOS AL PERÚ,754
diputado,Apurímac,2,PARTIDO DEMOCRATICO FEDERAL,423
diputado,Apurímac,2,PARTIDO POLÍTICO INTEGRIDAD DEMOCRÁTICA,409
diputado,Apurímac,2,FUERZA Y LIBERTAD,345
diputado,Apurímac,2,PARTIDO POLÍTICO PERÚ ACCIÓN,327
diputado,Apurímac,2,PARTIDO POLÍTICO PRIN,327
diputado,Apurímac,2,UN CAMINO DIFERENTE,203
diputado,Apurímac,2,UNIDAD NACIONAL,189
diputado,Arequipa,6,PARTIDO DEL BUEN GOBIERNO,140582
diputado,Arequipa,6,VOTOS NULOS,126086
diputado,Arequipa,6,JUNTOS POR EL PERÚ,80528
diputado,Arequipa,6,AHORA NACIÓN - AN,76704
diputado,Arequipa,6,RENOVACIÓN POPULAR,74644
diputado,Arequipa,6,PARTIDO CÍVICO OBRAS,74011
diputado,Arequipa,6,VOTOS EN BLANCO,71472
diputado,Arequipa,6,PARTIDO PAÍS PARA TODOS,60255
diputado,Arequipa,6,FUERZA POPULAR,43496
diputado,Arequipa,6,"PRIMERO LA GENTE – COMUNIDAD, ECOLOGÍA, LIBERTAD Y PROGRESO",35947
diputado,Arequipa,6,PARTIDO SICREO,26958
diputado,Arequipa,6,PARTIDO FRENTE DE LA ESPERANZA 2021,22171
diputado,Arequipa,6,PODEMOS PERÚ,20850
diputado,Arequipa,6,FRENTE POPULAR AGRÍCOLA FÍA DEL PERÚ,15235
diputado,Arequipa,6,PARTIDO POLÍTICO COOPERACIÓN POPULAR,14260
diputado,Arequipa,6,ALIANZA PARA EL PROGRESO,13888
diputado,Arequipa,6,PARTIDO POLÍTICO PERÚ PRIMERO,12506
diputado,Arequipa,6,PARTIDO APRISTA PERUANO,11038
diputado,Arequipa,6,PROGRESEMOS,7653
diputado,Arequipa,6,ALIANZA ELECTORAL VENCEREMOS,7484
diputado,Arequipa,6,PARTIDO POLÍTICO NACIONAL PERÚ LIBRE,7151
diputado,Arequipa,6,PARTIDO DEMÓCRATA UNIDO PERÚ,6685
diputado,Arequipa,6,PARTIDO PATRIÓTICO DEL PERÚ,6373
diputado,Arequipa,6,PARTIDO MORADO,4952
diputado,Arequipa,6,PARTIDO DEMOCRÁTICO SOMOS PERÚ,4668
diputado,Arequipa,6,PARTIDO DEMÓCRATA VERDE,3884
diputado,Arequipa,6,UNIDAD NACIONAL,3452
diputado,Arequipa,6,AVANZA PAÍS - PARTIDO DE INTEGRACIÓN SOCIAL,3325
diputado,Arequipa,6,FUERZA Y LIBERTAD,3027
diputado,Arequipa,6,PARTIDO POLÍTICO INTEGRIDAD DEMOCRÁTICA,2585
diputado,Arequipa,6,UN CAMINO DIFERENTE,1844
diputado,Arequipa,6,PARTIDO DEMOCRATICO FEDERAL,1769
diputado,Arequipa,6,PERÚ MODERNO,1710
diputado,Arequipa,6,PARTIDO POLÍTICO PERÚ ACCIÓN,1669
diputado,Arequipa,6,FE EN EL PERÚ,1551
diputado,Arequipa,6,SALVEMOS AL PERÚ,1231
diputado,Arequipa,6,PARTIDO DE LOS TRABAJADORES Y EMPRENDEDORES PTE - PERÚ,1209
diputado,Arequipa,6,PARTIDO POLÍTICO PRIN,950
diputado,Ayacucho,3,JUNTOS POR EL PERÚ,73223
diputado,Ayacucho,3,VOTOS NULOS,52719
diputado,Ayacucho,3,VOTOS EN BLANCO,50471
diputado,Ayacucho,3,AHORA NACIÓN - AN,40959
diputado,Ayacucho,3,PARTIDO CÍVICO OBRAS,27904
diputado,Ayacucho,3,FUERZA POPULAR,16585
diputado,Ayacucho,3,PARTIDO DEL BUEN GOBIERNO,13352
diputado,Ayacucho,3,FRENTE POPULAR AGRÍCOLA FÍA DEL PERÚ,8644
diputado,Ayacucho,3,PODEMOS PERÚ,8242
diputado,Ayacucho,3,PARTIDO POLÍTICO PERÚ PRIMERO,6654
diputado,Ayacucho,3,PARTIDO FRENTE DE LA ESPERANZA 2021,6353
diputado,Ayacucho,3,RENOVACIÓN POPULAR,6195
diputado,Ayacucho,3,ALIANZA ELECTORAL VENCEREMOS,5122
diputado,Ayacucho,3,PARTIDO POLÍTICO NACIONAL PERÚ LIBRE,4811
diputado,Ayacucho,3,LIBERTAD POPULAR,4672
diputado,Ayacucho,3,ALIANZA PARA EL PROGRESO,4663
diputado,Ayacucho,3,PARTIDO DEMÓCRATA UNIDO PERÚ,4578
diputado,Ayacucho,3,PARTIDO PAÍS PARA TODOS,4467
diputado,Ayacucho,3,PARTIDO DEMOCRÁTICO SOMOS PERÚ,3604
diputado,Ayacucho,3,PARTIDO POLÍTICO COOPERACIÓN POPULAR,3427
diputado,Ayacucho,3,PROGRESEMOS,2256
diputado,Ayacucho,3,PARTIDO DEMÓCRATA VERDE,1971
diputado,Ayacucho,3,PARTIDO APRISTA PERUANO,1335
diputado,Ayacucho,3,PERÚ MODERNO,916
diputado,Ayacucho,3,FUERZA Y LIBERTAD,727
diputado,Ayacucho,3,UNIDAD NACIONAL,591
diputado,Ayacucho,3,UN CAMINO DIFERENTE,548
diputado,Ayacucho,3,PARTIDO POLÍTICO INTEGRIDAD DEMOCRÁTICA,545
diputado,Ayacucho,3,PARTIDO DEMOCRATICO FEDERAL,459
diputado,Ayacucho,3,AVANZA PAÍS - PARTIDO DE INTEGRACIÓN SOCIAL,409
diputado,Cajamarca,6,JUNTOS POR EL PERÚ,217256
diputado,Cajamarca,6,VOTOS EN BLANCO,142309
diputado,Cajamarca,6,VOTOS NULOS,117447
diputado,Cajamarca,6,FUERZA POPULAR,63041
diputado,Cajamarca,6,PARTIDO CÍVICO OBRAS,43142
diputado,Cajamarca,6,AHORA NACIÓN - AN,24171
diputado,Cajamarca,6,PARTIDO DEL BUEN GOBIERNO,22397
diputado,Cajamarca,6,ALIANZA PARA EL PROGRESO,22007
diputado,Cajamarca,6,PODEMOS PERÚ,17856
diputado,Cajamarca,6,PARTIDO DEMOCRÁTICO SOMOS PERÚ,17247
diputado,Cajamarca,6,RENOVACIÓN POPULAR,16281
diputado,Cajamarca,6,PARTIDO POLÍTICO PERÚ PRIMERO,12445
diputado,Cajamarca,6,PARTIDO PAÍS PARA TODOS,12313
diputado,Cajamarca,6,"PRIMERO LA GENTE – COMUNIDAD, ECOLOGÍA, LIBERTAD Y PROGRESO",11821
diputado,Cajamarca,6,PARTIDO POLÍTICO NACIONAL PERÚ LIBRE,7718
diputado,Cajamarca,6,LIBERTAD POPULAR,6465
diputado,Cajamarca,6,FRENTE POPULAR AGRÍCOLA FÍA DEL PERÚ,5390
diputado,Cajamarca,6,PARTIDO FRENTE DE LA ESPERANZA 2021,5280
diputado,Cajamarca,6,PARTIDO MORADO,4834
diputado,Cajamarca,6,AVANZA PAÍS - PARTIDO DE INTEGRACIÓN SOCIAL,4679
diputado,Cajamarca,6,PARTIDO APRISTA PERUANO,4180
diputado,Cajamarca,6,ALIANZA ELECTORAL VENCEREMOS,3912
diputado,Cajamarca,6,PARTIDO POLÍTICO COOPERACIÓN POPULAR,3597
diputado,Cajamarca,6,UN CAMINO DIFERENTE,2991
diputado,Cajamarca,6,PARTIDO DEMÓCRATA VERDE,2966
diputado,Cajamarca,6,UNIDAD NACIONAL,2482
diputado,Cajamarca,6,PARTIDO DEMÓCRATA UNIDO PERÚ,2052
diputado,Cajamarca,6,PROGRESEMOS,1777
diputado,Cajamarca,6,PERÚ MODERNO,1633
diputado,Cajamarca,6,PARTIDO POLÍTICO INTEGRIDAD DEMOCRÁTICA,1517
diputado,Cajamarca,6,SALVEMOS AL PERÚ,1351
diputado,Cajamarca,6,PARTIDO DEMOCRATICO FEDERAL,1317
diputado,Cajamarca,6,PARTIDO DE LOS TRABAJADORES Y EMPRENDEDORES PTE - PERÚ,884
diputado,Cajamarca,6,PARTIDO POLÍTICO PRIN,852
diputado,Cajamarca,6,FUERZA Y LIBERTAD,611
diputado,Cajamarca,6,PARTIDO POLÍTICO PERÚ ACCIÓN,476
diputado,Callao,4,VOTOS NULOS,111366
diputado,Callao,4,FUERZA POPULAR,84210
diputado,Callao,4,PARTIDO DEL BUEN GOBIERNO,70969
diputado,Callao,4,VOTOS EN BLANCO,69804
diputado,Callao,4,RENOVACIÓN POPULAR,68941
diputado,Callao,4,PARTIDO PAÍS PARA TODOS,42813
diputado,Callao,4,PARTIDO CÍVICO OBRAS,35678
diputado,Callao,4,AHORA NACIÓN - AN,34223
diputado,Callao,4,"PRIMERO LA GENTE – COMUNIDAD, ECOLOGÍA, LIBERTAD Y PROGRESO",21104
diputado,Callao,4,JUNTOS POR EL PERÚ,15137
diputado,Callao,4,PARTIDO APRISTA PERUANO,9377
diputado,Callao,4,PARTIDO DEMOCRÁTICO SOMOS PERÚ,7049
diputado,Callao,4,PODEMOS PERÚ,6276
diputado,Callao,4,PARTIDO FRENTE DE LA ESPERANZA 2021,6180
diputado,Callao,4,AVANZA PAÍS - PARTIDO DE INTEGRACIÓN SOCIAL,6121
diputado,Callao,4,ALIANZA PARA EL PROGRESO,5793
diputado,Callao,4,FRENTE POPULAR AGRÍCOLA FÍA DEL PERÚ,5768
diputado,Callao,4,PROGRESEMOS,4257
diputado,Callao,4,LIBERTAD POPULAR,3957
diputado,Callao,4,UNIDAD NACIONAL,3849
diputado,Callao,4,PARTIDO PATRIÓTICO DEL PERÚ,3543
diputado,Callao,4,PARTIDO MORADO,3453
diputado,Callao,4,PARTIDO POLÍTICO PERÚ PRIMERO,3364
diputado,Callao,4,PARTIDO POLÍTICO INTEGRIDAD DEMOCRÁTICA,2709
diputado,Callao,4,PARTIDO POLÍTICO COOPERACIÓN POPULAR,2374
diputado,Callao,4,ALIANZA ELECTORAL VENCEREMOS,2208
diputado,Callao,4,PARTIDO DEMÓCRATA VERDE,2082
diputado,Callao,4,PARTIDO POLÍTICO NACIONAL PERÚ LIBRE,1923
diputado,Callao,4,PARTIDO DE LOS TRABAJADORES Y EMPRENDEDORES PTE - PERÚ,1311
diputado,Callao,4,UN CAMINO DIFERENTE,1050
diputado,Callao,4,FUERZA Y LIBERTAD,1007
diputado,Callao,4,PARTIDO POLÍTICO PERÚ ACCIÓN,892
diputado,Callao,4,PARTIDO POLÍTICO PRIN,880
diputado,Callao,4,FE EN EL PERÚ,735
diputado,Callao,4,SALVEMOS AL PERÚ,547
diputado,Callao,4,PERÚ MODERNO,385
diputado,Cusco,5,JUNTOS POR EL PERÚ,130962
diputado,Cusco,5,VOTOS NULOS,124491
diputado,Cusco,5,VOTOS EN BLANCO,98557
diputado,Cusco,5,AHORA NACIÓN - AN,93614
diputado,Cusco,5,PARTIDO CÍVICO OBRAS,72663
diputado,Cusco,5,PARTIDO DEL BUEN GOBIERNO,51685
diputado,Cusco,5,FUERZA POPULAR,26201
diputado,Cusco,5,RENOVACIÓN POPULAR,24488
diputado,Cusco,5,FRENTE POPULAR AGRÍCOLA FÍA DEL PERÚ,17012
diputado,Cusco,5,PARTIDO FRENTE DE LA ESPERANZA 2021,16488
diputado,Cusco,5,ALIANZA ELECTORAL VENCEREMOS,16050
diputado,Cusco,5,"PRIMERO LA GENTE – COMUNIDAD, ECOLOGÍA, LIBERTAD Y PROGRESO",15459
diputado,Cusco,5,PODEMOS PERÚ,14650
diputado,Cusco,5,PARTIDO POLÍTICO COOPERACIÓN POPULAR,11858
diputado,Cusco,5,PARTIDO PAÍS PARA TODOS,11501
diputado,Cusco,5,PARTIDO APRISTA PERUANO,11013
diputado,Cusco,5,PARTIDO DEMOCRÁTICO SOMOS PERÚ,10499
diputado,Cusco,5,ALIANZA PARA EL PROGRESO,10474
diputado,Cusco,5,PROGRESEMOS,9735
diputado,Cusco,5,PARTIDO POLÍTICO PERÚ PRIMERO,8884
diputado,Cusco,5,PARTIDO POLÍTICO NACIONAL PERÚ LIBRE,8284
diputado,Cusco,5,PARTIDO PATRIÓTICO DEL PERÚ,7164
diputado,Cusco,5,PARTIDO DEMÓCRATA UNIDO PERÚ,4682
diputado,Cusco,5,LIBERTAD POPULAR,3999
diputado,Cusco,5,PARTIDO DEMÓCRATA VERDE,3399
diputado,Cusco,5,PARTIDO POLÍTICO PRIN,2769
diputado,Cusco,5,AVANZA PAÍS - PARTIDO DE INTEGRACIÓN SOCIAL,1871
diputado,Cusco,5,PARTIDO DEMOCRATICO FEDERAL,1802
diputado,Cusco,5,SALVEMOS AL PERÚ,1710
diputado,Cusco,5,PARTIDO POLÍTICO INTEGRIDAD DEMOCRÁTICA,1632
diputado,Cusco,5,FUERZA Y LIBERTAD,1561
diputado,Cusco,5,UNIDAD NACIONAL,1469
diputado,Cusco,5,UN CAMINO DIFERENTE,1237
diputado,Cusco,5,PARTIDO POLÍTICO PERÚ ACCIÓN,1139
diputado,Cusco,5,PERÚ MODERNO,727
diputado,Huancavelica,2,JUNTOS POR EL PERÚ,63502
diputado,Huancavelica,2,VOTOS EN BLANCO,42148
diputado,Huancavelica,2,VOTOS NULOS,31137
diputado,Huancavelica,2,AHORA NACIÓN - AN,17717
diputado,Huancavelica,2,PODEMOS PERÚ,9575
diputado,Huancavelica,2,FUERZA POPULAR,9139
diputado,Huancavelica,2,ALIANZA PARA EL PROGRESO,7792
diputado,Huancavelica,2,RENOVACIÓN POPULAR,4942
diputado,Huancavelica,2,PARTIDO DEL BUEN GOBIERNO,4736
diputado,Huancavelica,2,FRENTE POPULAR AGRÍCOLA FÍA DEL PERÚ,4529
diputado,Huancavelica,2,PARTIDO POLÍTICO NACIONAL PERÚ LIBRE,3350
diputado,Huancavelica,2,PARTIDO POLÍTICO COOPERACIÓN POPULAR,3263
diputado,Huancavelica,2,PROGRESEMOS,2459
diputado,Huancavelica,2,PARTIDO PAÍS PARA TODOS,2431
diputado,Huancavelica,2,PARTIDO POLÍTICO PERÚ PRIMERO,2315
diputado,Huancavelica,2,ALIANZA ELECTORAL VENCEREMOS,2106
diputado,Huancavelica,2,"PRIMERO LA GENTE – COMUNIDAD, ECOLOGÍA, LIBERTAD Y PROGRESO",1571
diputado,Huancavelica,2,PARTIDO DEMÓCRATA VERDE,1231
diputado,Huancavelica,2,PARTIDO DEMOCRÁTICO SOMOS PERÚ,882
diputado,Huancavelica,2,FUERZA Y LIBERTAD,525
diputado,Huancavelica,2,PARTIDO APRISTA PERUANO,435
diputado,Huancavelica,2,PARTIDO POLÍTICO PERÚ ACCIÓN,354
diputado,Huancavelica,2,PARTIDO DEMOCRATICO FEDERAL,341
diputado,Huancavelica,2,UNIDAD NACIONAL,304
diputado,Huancavelica,2,UN CAMINO DIFERENTE,295
diputado,Huancavelica,2,LIBERTAD POPULAR,293
diputado,Huancavelica,2,PARTIDO POLÍTICO INTEGRIDAD DEMOCRÁTICA,278
diputado,Huancavelica,2,AVANZA PAÍS - PARTIDO DE INTEGRACIÓN SOCIAL,169
diputado,Huancavelica,2,PERÚ MODERNO,79
diputado,Huánuco,3,JUNTOS POR EL PERÚ,84183
diputado,Huánuco,3,VOTOS EN BLANCO,69722
diputado,Huánuco,3,VOTOS NULOS,68873
diputado,Huánuco,3,FUERZA POPULAR,39767
diputado,Huánuco,3,PARTIDO CÍVICO OBRAS,36011
diputado,Huánuco,3,RENOVACIÓN POPULAR,22086
diputado,Huánuco,3,PARTIDO PAÍS PARA TODOS,18022
diputado,Huánuco,3,AHORA NACIÓN - AN,17681
diputado,Huánuco,3,PARTIDO DEL BUEN GOBIERNO,12528
diputado,Huánuco,3,FRENTE POPULAR AGRÍCOLA FÍA DEL PERÚ,8259
diputado,Huánuco,3,PODEMOS PERÚ,8145
diputado,Huánuco,3,PARTIDO DEMOCRÁTICO SOMOS PERÚ,6857
diputado,Huánuco,3,PARTIDO POLÍTICO PERÚ PRIMERO,6294
diputado,Huánuco,3,ALIANZA PARA EL PROGRESO,5007
diputado,Huánuco,3,PARTIDO FRENTE DE LA ESPERANZA 2021,4437
diputado,Huánuco,3,PARTIDO SICREO,4356
diputado,Huánuco,3,ALIANZA ELECTORAL VENCEREMOS,3895
diputado,Huánuco,3,PARTIDO POLÍTICO NACIONAL PERÚ LIBRE,3377
diputado,Huánuco,3,PARTIDO APRISTA PERUANO,2598
diputado,Huánuco,3,PARTIDO PATRIÓTICO DEL PERÚ,2563
diputado,Huánuco,3,PROGRESEMOS,2120
diputado,Huánuco,3,PARTIDO DEMÓCRATA VERDE,2039
diputado,Huánuco,3,LIBERTAD POPULAR,2031
diputado,Huánuco,3,PARTIDO POLÍTICO COOPERACIÓN POPULAR,1495
diputado,Huánuco,3,UNIDAD NACIONAL,1465
diputado,Huánuco,3,PARTIDO POLÍTICO INTEGRIDAD DEMOCRÁTICA,1316
diputado,Huánuco,3,FUERZA Y LIBERTAD,1236
diputado,Huánuco,3,PARTIDO MORADO,1180
diputado,Huánuco,3,AVANZA PAÍS - PARTIDO DE INTEGRACIÓN SOCIAL,884
diputado,Huánuco,3,UN CAMINO DIFERENTE,792
diputado,Huánuco,3,PERÚ MODERNO,587
diputado,Huánuco,3,PARTIDO POLÍTICO PRIN,278
diputado,Ica,4,VOTOS NULOS,93178
diputado,Ica,4,FUERZA POPULAR,65666
diputado,Ica,4,VOTOS EN BLANCO,61850
diputado,Ica,4,PARTIDO CÍVICO OBRAS,37112
diputado,Ica,4,PARTIDO DEL BUEN GOBIERNO,37108
diputado,Ica,4,RENOVACIÓN POPULAR,35482
diputado,Ica,4,JUNTOS POR EL PERÚ,31636
diputado,Ica,4,PARTIDO PAÍS PARA TODOS,30370
diputado,Ica,4,AHORA NACIÓN - AN,29136
diputado,Ica,4,PARTIDO DEMOCRÁTICO SOMOS PERÚ,14849
diputado,Ica,4,ALIANZA PARA EL PROGRESO,14256
diputado,Ica,4,PODEMOS PERÚ,12726
diputado,Ica,4,"PRIMERO LA GENTE – COMUNIDAD, ECOLOGÍA, LIBERTAD Y PROGRESO",12712
diputado,Ica,4,PARTIDO SICREO,10990
diputado,Ica,4,PARTIDO APRISTA PERUANO,8458
diputado,Ica,4,PARTIDO FRENTE DE LA ESPERANZA 2021,6700
diputado,Ica,4,FRENTE POPULAR AGRÍCOLA FÍA DEL PERÚ,5962
diputado,Ica,4,PROGRESEMOS,5200
diputado,Ica,4,PARTIDO PATRIÓTICO DEL PERÚ,3890
diputado,Ica,4,PARTIDO POLÍTICO PERÚ PRIMERO,3545
diputado,Ica,4,PARTIDO POLÍTICO NACIONAL PERÚ LIBRE,3542
diputado,Ica,4,ALIANZA ELECTORAL VENCEREMOS,3063
diputado,Ica,4,PARTIDO POLÍTICO COOPERACIÓN POPULAR,2950
diputado,Ica,4,AVANZA PAÍS - PARTIDO DE INTEGRACIÓN SOCIAL,2679
diputado,Ica,4,PARTIDO DEMÓCRATA UNIDO PERÚ,2643
diputado,Ica,4,PARTIDO MORADO,2353
diputado,Ica,4,LIBERTAD POPULAR,2293
diputado,Ica,4,PARTIDO POLÍTICO INTEGRIDAD DEMOCRÁTICA,2128
diputado,Ica,4,PARTIDO DEMÓCRATA VERDE,2008
diputado,Ica,4,UNIDAD NACIONAL,1854
diputado,Ica,4,FUERZA Y LIBERTAD,1645
diputado,Ica,4,UN CAMINO DIFERENTE,1379
diputado,Ica,4,PARTIDO POLÍTICO PERÚ ACCIÓN,1243
diputado,Ica,4,PARTIDO POLÍTICO PRIN,948
diputado,Ica,4,SALVEMOS AL PERÚ,947
diputado,Ica,4,PERÚ MODERNO,799
diputado,Ica,4,PARTIDO DEMOCRATICO FEDERAL,764
diputado,Junín,5,VOTOS NULOS,133633
diputado,Junín,5,VOTOS EN BLANCO,96807
diputado,Junín,5,FUERZA POPULAR,77411
diputado,Junín,5,AHORA NACIÓN - AN,68605
diputado,Junín,5,JUNTOS POR EL PERÚ,67056
diputado,Junín,5,PARTIDO CÍVICO OBRAS,52673
diputado,Junín,5,PARTIDO DEL BUEN GOBIERNO,45659
diputado,Junín,5,RENOVACIÓN POPULAR,38540
diputado,Junín,5,PARTIDO PAÍS PARA TODOS,30006
diputado,Junín,5,PODEMOS PERÚ,29627
diputado,Junín,5,FRENTE POPULAR AGRÍCOLA FÍA DEL PERÚ,18695
diputado,Junín,5,PARTIDO POLÍTICO NACIONAL PERÚ LIBRE,15960
diputado,Junín,5,ALIANZA PARA EL PROGRESO,15040
diputado,Junín,5,PARTIDO FRENTE DE LA ESPERANZA 2021,12350
diputado,Junín,5,FUERZA Y LIBERTAD,10556
diputado,Junín,5,PARTIDO DEMÓCRATA UNIDO PERÚ,7061
diputado,Junín,5,PARTIDO POLÍTICO PERÚ PRIMERO,6679
diputado,Junín,5,PARTIDO POLÍTICO COOPERACIÓN POPULAR,6492
diputado,Junín,5,PROGRESEMOS,6343
diputado,Junín,5,PARTIDO PATRIÓTICO DEL PERÚ,6069
diputado,Junín,5,ALIANZA ELECTORAL VENCEREMOS,5523
diputado,Junín,5,PARTIDO MORADO,5150
diputado,Junín,5,PARTIDO APRISTA PERUANO,5061
diputado,Junín,5,PARTIDO DEMÓCRATA VERDE,4208
diputado,Junín,5,PARTIDO DEMOCRÁTICO SOMOS PERÚ,4073
diputado,Junín,5,LIBERTAD POPULAR,2288
diputado,Junín,5,PARTIDO POLÍTICO INTEGRIDAD DEMOCRÁTICA,1942
diputado,Junín,5,UNIDAD NACIONAL,1911
diputado,Junín,5,AVANZA PAÍS - PARTIDO DE INTEGRACIÓN SOCIAL,1873
diputado,Junín,5,FE EN EL PERÚ,1696
diputado,Junín,5,UN CAMINO DIFERENTE,1436
diputado,Junín,5,SALVEMOS AL PERÚ,1337
diputado,Junín,5,PARTIDO DE LOS TRABAJADORES Y EMPRENDEDORES PTE - PERÚ,1212
diputado,Junín,5,PARTIDO POLÍTICO PERÚ ACCIÓN,1119
diputado,Junín,5,PARTIDO POLÍTICO PRIN,607
diputado,Junín,5,PERÚ MODERNO,418
diputado,La Libertad,7,VOTOS NULOS,188187
diputado,La Libertad,7,FUERZA POPULAR,142191
diputado,La Libertad,7,VOTOS EN BLANCO,135471
diputado,La Libertad,7,UN CAMINO DIFERENTE,85635
diputado,La Libertad,7,JUNTOS POR EL PERÚ,76228
diputado,La Libertad,7,PARTIDO DEL BUEN GOBIERNO,74401
diputado,La Libertad,7,RENOVACIÓN POPULAR,61753
diputado,La Libertad,7,PARTIDO CÍVICO OBRAS,49841
diputado,La Libertad,7,PARTIDO PAÍS PARA TODOS,47548
diputado,La Libertad,7,ALIANZA PARA EL PROGRESO,40145
diputado,La Libertad,7,PARTIDO APRISTA PERUANO,37564
diputado,La Libertad,7,AHORA NACIÓN - AN,36166
diputado,La Libertad,7,PARTIDO SICREO,24902
diputado,La Libertad,7,PODEMOS PERÚ,23611
diputado,La Libertad,7,"PRIMERO LA GENTE – COMUNIDAD, ECOLOGÍA, LIBERTAD Y PROGRESO",23012
diputado,La Libertad,7,FRENTE POPULAR AGRÍCOLA FÍA DEL PERÚ,14199
diputado,La Libertad,7,PARTIDO DEMOCRÁTICO SOMOS PERÚ,12088
diputado,La Libertad,7,PARTIDO FRENTE DE LA ESPERANZA 2021,10448
diputado,La Libertad,7,AVANZA PAÍS - PARTIDO DE INTEGRACIÓN SOCIAL,8994
diputado,La Libertad,7,PARTIDO POLÍTICO PERÚ PRIMERO,8683
diputado,La Libertad,7,PARTIDO POLÍTICO NACIONAL PERÚ LIBRE,7019
diputado,La Libertad,7,PARTIDO PATRIÓTICO DEL PERÚ,6550
diputado,La Libertad,7,ALIANZA ELECTORAL VENCEREMOS,5116
diputado,La Libertad,7,PARTIDO MORADO,4431
diputado,La Libertad,7,PROGRESEMOS,4270
diputado,La Libertad,7,PARTIDO DEMÓCRATA UNIDO PERÚ,4067
diputado,La Libertad,7,LIBERTAD POPULAR,3706
diputado,La Libertad,7,PARTIDO DEMÓCRATA VERDE,3269
diputado,La Libertad,7,PARTIDO POLÍTICO COOPERACIÓN POPULAR,3225
diputado,La Libertad,7,PARTIDO POLÍTICO INTEGRIDAD DEMOCRÁTICA,3022
diputado,La Libertad,7,UNIDAD NACIONAL,2598
diputado,La Libertad,7,FUERZA Y LIBERTAD,2570
diputado,La Libertad,7,FE EN EL PERÚ,2561
diputado,La Libertad,7,PARTIDO POLÍTICO PRIN,1587
diputado,La Libertad,7,PARTIDO POLÍTICO PERÚ ACCIÓN,1354
diputado,La Libertad,7,PARTIDO DEMOCRATICO FEDERAL,1309
diputado,Lambayeque,5,FUERZA POPULAR,134644
diputado,Lambayeque,5,VOTOS NULOS,131448
diputado,Lambayeque,5,VOTOS EN BLANCO,110848
diputado,Lambayeque,5,JUNTOS POR EL PERÚ,60139
diputado,Lambayeque,5,PARTIDO DEL BUEN GOBIERNO,56969
diputado,Lambayeque,5,RENOVACIÓN POPULAR,44585
diputado,Lambayeque,5,PARTIDO PAÍS PARA TODOS,36466
diputado,Lambayeque,5,PARTIDO CÍVICO OBRAS,36142
diputado,Lambayeque,5,ALIANZA PARA EL PROGRESO,32392
diputado,Lambayeque,5,AHORA NACIÓN - AN,25390
diputado,Lambayeque,5,PARTIDO APRISTA PERUANO,21918
diputado,Lambayeque,5,PARTIDO DEMOCRÁTICO SOMOS PERÚ,17925
diputado,Lambayeque,5,"PRIMERO LA GENTE – COMUNIDAD, ECOLOGÍA, LIBERTAD Y PROGRESO",15644
diputado,Lambayeque,5,PODEMOS PERÚ,14978
diputado,Lambayeque,5,PARTIDO POLÍTICO PERÚ PRIMERO,11884
diputado,Lambayeque,5,PARTIDO FRENTE DE LA ESPERANZA 2021,8091
diputado,Lambayeque,5,PARTIDO PATRIÓTICO DEL PERÚ,5614
diputado,Lambayeque,5,FRENTE POPULAR AGRÍCOLA FÍA DEL PERÚ,4834
diputado,Lambayeque,5,AVANZA PAÍS - PARTIDO DE INTEGRACIÓN SOCIAL,4498
diputado,Lambayeque,5,PARTIDO POLÍTICO NACIONAL PERÚ LIBRE,4299
diputado,Lambayeque,5,ALIANZA ELECTORAL VENCEREMOS,4265
diputado,Lambayeque,5,PARTIDO MORADO,3738
diputado,Lambayeque,5,PARTIDO POLÍTICO INTEGRIDAD DEMOCRÁTICA,3249
diputado,Lambayeque,5,UN CAMINO DIFERENTE,3015
diputado,Lambayeque,5,UNIDAD NACIONAL,2965
diputado,Lambayeque,5,PARTIDO POLÍTICO COOPERACIÓN POPULAR,2938
diputado,Lambayeque,5,PARTIDO DEMÓCRATA VERDE,2834
diputado,Lambayeque,5,PROGRESEMOS,2625
diputado,Lambayeque,5,LIBERTAD POPULAR,1827
diputado,Lambayeque,5,PARTIDO DEMOCRATICO FEDERAL,976
diputado,Lambayeque,5,PERÚ MODERNO,934
diputado,Lambayeque,5,FE EN EL PERÚ,928
diputado,Lambayeque,5,SALVEMOS AL PERÚ,873
diputado,Lambayeque,5,FUERZA Y LIBERTAD,811
diputado,Lambayeque,5,PARTIDO POLÍTICO PERÚ ACCIÓN,652
diputado,Lima,32,RENOVACIÓN POPULAR,883442
diputado,Lima,32,VOTOS NULOS,770109
diputado,Lima,32,PARTIDO DEL BUEN GOBIERNO,697767
diputado,Lima,32,FUERZA POPULAR,686935
diputado,Lima,32,VOTOS EN BLANCO,536138
diputado,Lima,32,AHORA NACIÓN - AN,434858
diputado,Lima,32,PARTIDO CÍVICO OBRAS,367586
diputado,Lima,32,PARTIDO PAÍS PARA TODOS,298726
diputado,Lima,32,"PRIMERO LA GENTE – COMUNIDAD, ECOLOGÍA, LIBERTAD Y PROGRESO",200398
diputado,Lima,32,JUNTOS POR EL PERÚ,140240
diputado,Lima,32,PARTIDO SICREO,134998
diputado,Lima,32,PARTIDO APRISTA PERUANO,97031
diputado,Lima,32,PARTIDO DEMOCRÁTICO SOMOS PERÚ,84455
diputado,Lima,32,FRENTE POPULAR AGRÍCOLA FÍA DEL PERÚ,70622
diputado,Lima,32,PODEMOS PERÚ,67775
diputado,Lima,32,PARTIDO FRENTE DE LA ESPERANZA 2021,60352
diputado,Lima,32,ALIANZA PARA EL PROGRESO,58753
diputado,Lima,32,LIBERTAD POPULAR,54667
diputado,Lima,32,AVANZA PAÍS - PARTIDO DE INTEGRACIÓN SOCIAL,51758
diputado,Lima,32,PROGRESEMOS,45420
diputado,Lima,32,PARTIDO MORADO,38769
diputado,Lima,32,PARTIDO POLÍTICO PERÚ PRIMERO,30584
diputado,Lima,32,UNIDAD NACIONAL,29284
diputado,Lima,32,PARTIDO PATRIÓTICO DEL PERÚ,28738
diputado,Lima,32,PARTIDO DEMÓCRATA UNIDO PERÚ,26377
diputado,Lima,32,ALIANZA ELECTORAL VENCEREMOS,26279
diputado,Lima,32,PARTIDO POLÍTICO COOPERACIÓN POPULAR,23762
diputado,Lima,32,PARTIDO POLÍTICO INTEGRIDAD DEMOCRÁTICA,23007
diputado,Lima,32,PARTIDO POLÍTICO NACIONAL PERÚ LIBRE,19784
diputado,Lima,32,PARTIDO DEMÓCRATA VERDE,17633
diputado,Lima,32,FUERZA Y LIBERTAD,10139
diputado,Lima,32,FE EN EL PERÚ,9511
diputado,Lima,32,UN CAMINO DIFERENTE,9024
diputado,Lima,32,PARTIDO POLÍTICO PRIN,7605
diputado,Lima,32,PARTIDO POLÍTICO PERÚ ACCIÓN,6538
diputado,Lima,32,PARTIDO DEMOCRATICO FEDERAL,6409
diputado,Lima,32,PERÚ MODERNO,6367
diputado,Lima,32,PARTIDO DE LOS TRABAJADORES Y EMPRENDEDORES PTE - PERÚ,6094
diputado,Lima,32,SALVEMOS AL PERÚ,5161
diputado,Lima Provincias,4,VOTOS NULOS,109559
diputado,Lima Provincias,4,FUERZA POPULAR,96965
diputado,Lima Provincias,4,VOTOS EN BLANCO,84173
diputado,Lima Provincias,4,PARTIDO CÍVICO OBRAS,45858
diputado,Lima Provincias,4,PARTIDO DEL BUEN GOBIERNO,40552
diputado,Lima Provincias,4,JUNTOS POR EL PERÚ,39251
diputado,Lima Provincias,4,RENOVACIÓN POPULAR,37477
diputado,Lima Provincias,4,AHORA NACIÓN - AN,32129
diputado,Lima Provincias,4,PARTIDO PAÍS PARA TODOS,31479
diputado,Lima Provincias,4,PARTIDO SICREO,13570
diputado,Lima Provincias,4,FRENTE POPULAR AGRÍCOLA FÍA DEL PERÚ,12139
diputado,Lima Provincias,4,PODEMOS PERÚ,11867
diputado,Lima Provincias,4,ALIANZA PARA EL PROGRESO,11748
diputado,Lima Provincias,4,"PRIMERO LA GENTE – COMUNIDAD, ECOLOGÍA, LIBERTAD Y PROGRESO",11674
diputado,Lima Provincias,4,PARTIDO FRENTE DE LA ESPERANZA 2021,8019
diputado,Lima Provincias,4,PARTIDO DEMOCRÁTICO SOMOS PERÚ,6806
diputado,Lima Provincias,4,PARTIDO POLÍTICO PERÚ PRIMERO,6148
diputado,Lima Provincias,4,PARTIDO APRISTA PERUANO,5886
diputado,Lima Provincias,4,PROGRESEMOS,4771
diputado,Lima Provincias,4,PARTIDO POLÍTICO NACIONAL PERÚ LIBRE,4394
diputado,Lima Provincias,4,PARTIDO DEMÓCRATA UNIDO PERÚ,3630
diputado,Lima Provincias,4,PARTIDO PATRIÓTICO DEL PERÚ,3390
diputado,Lima Provincias,4,ALIANZA ELECTORAL VENCEREMOS,3379
diputado,Lima Provincias,4,LIBERTAD POPULAR,2983
diputado,Lima Provincias,4,PARTIDO DEMÓCRATA VERDE,2778
diputado,Lima Provincias,4,PARTIDO POLÍTICO COOPERACIÓN POPULAR,2677
diputado,Lima Provincias,4,PARTIDO MORADO,2195
diputado,Lima Provincias,4,PARTIDO POLÍTICO INTEGRIDAD DEMOCRÁTICA,2060
diputado,Lima Provincias,4,FE EN EL PERÚ,1751
diputado,Lima Provincias,4,UN CAMINO DIFERENTE,1720
diputado,Lima Provincias,4,PARTIDO POLÍTICO PRIN,1584
diputado,Lima Provincias,4,UNIDAD NACIONAL,1442
diputado,Lima Provincias,4,AVANZA PAÍS - PARTIDO DE INTEGRACIÓN SOCIAL,1363
diputado,Lima Provincias,4,PARTIDO DEMOCRATICO FEDERAL,1169
diputado,Lima Provincias,4,PERÚ MODERNO,769
diputado,Lima Provincias,4,SALVEMOS AL PERÚ,721
diputado,Lima Provincias,4,FUERZA Y LIBERTAD,679
diputado,Loreto,4,VOTOS EN BLANCO,83591
diputado,Loreto,4,VOTOS NULOS,81143
diputado,Loreto,4,FUERZA POPULAR,68766
diputado,Loreto,4,ALIANZA PARA EL PROGRESO,32957
diputado,Loreto,4,PARTIDO DEMOCRÁTICO SOMOS PERÚ,29319
diputado,Loreto,4,JUNTOS POR EL PERÚ,23326
diputado,Loreto,4,RENOVACIÓN POPULAR,20469
diputado,Loreto,4,PARTIDO PAÍS PARA TODOS,18803
diputado,Loreto,4,AHORA NACIÓN - AN,11270
diputado,Loreto,4,FRENTE POPULAR AGRÍCOLA FÍA DEL PERÚ,11152
diputado,Loreto,4,PARTIDO POLÍTICO PERÚ PRIMERO,8436
diputado,Loreto,4,PARTIDO CÍVICO OBRAS,8160
diputado,Loreto,4,PARTIDO DEL BUEN GOBIERNO,7592
diputado,Loreto,4,PODEMOS PERÚ,7196
diputado,Loreto,4,PARTIDO APRISTA PERUANO,3657
diputado,Loreto,4,"PRIMERO LA GENTE – COMUNIDAD, ECOLOGÍA, LIBERTAD Y PROGRESO",3066
diputado,Loreto,4,PARTIDO POLÍTICO NACIONAL PERÚ LIBRE,2753
diputado,Loreto,4,UNIDAD NACIONAL,2433
diputado,Loreto,4,FUERZA Y LIBERTAD,2406
diputado,Loreto,4,PARTIDO MORADO,2286
diputado,Loreto,4,ALIANZA ELECTORAL VENCEREMOS,2090
diputado,Loreto,4,PARTIDO DEMÓCRATA VERDE,2011
diputado,Loreto,4,PROGRESEMOS,1934
diputado,Loreto,4,PARTIDO FRENTE DE LA ESPERANZA 2021,1823
diputado,Loreto,4,PARTIDO POLÍTICO COOPERACIÓN POPULAR,1733
diputado,Loreto,4,LIBERTAD POPULAR,1500
diputado,Loreto,4,PERÚ MODERNO,1243
diputado,Loreto,4,FE EN EL PERÚ,971
diputado,Loreto,4,AVANZA PAÍS - PARTIDO DE INTEGRACIÓN SOCIAL,857
diputado,Loreto,4,SALVEMOS AL PERÚ,762
diputado,Loreto,4,PARTIDO POLÍTICO INTEGRIDAD DEMOCRÁTICA,750
diputado,Loreto,4,UN CAMINO DIFERENTE,413
diputado,Loreto,4,PARTIDO DEMOCRATICO FEDERAL,344
diputado,Madre de Dios,2,VOTOS NULOS,20743
diputado,Madre de Dios,2,JUNTOS POR EL PERÚ,16333
diputado,Madre de Dios,2,VOTOS EN BLANCO,14707
diputado,Madre de Dios,2,PARTIDO CÍVICO OBRAS,6932
diputado,Madre de Dios,2,FUERZA POPULAR,6673
diputado,Madre de Dios,2,AHORA NACIÓN - AN,5686
diputado,Madre de Dios,2,PARTIDO DEL BUEN GOBIERNO,4031
diputado,Madre de Dios,2,ALIANZA PARA EL PROGRESO,3319
diputado,Madre de Dios,2,FRENTE POPULAR AGRÍCOLA FÍA DEL PERÚ,3074
diputado,Madre de Dios,2,AVANZA PAÍS - PARTIDO DE INTEGRACIÓN SOCIAL,2577
diputado,Madre de Dios,2,PARTIDO FRENTE DE LA ESPERANZA 2021,2283
diputado,Madre de Dios,2,PARTIDO PAÍS PARA TODOS,2266
diputado,Madre de Dios,2,PARTIDO POLÍTICO PERÚ PRIMERO,1661
diputado,Madre de Dios,2,RENOVACIÓN POPULAR,1642
diputado,Madre de Dios,2,PROGRESEMOS,1556
diputado,Madre de Dios,2,PODEMOS PERÚ,1466
diputado,Madre de Dios,2,PARTIDO DEMOCRÁTICO SOMOS PERÚ,1336
diputado,Madre de Dios,2,PARTIDO POLÍTICO NACIONAL PERÚ LIBRE,1171
diputado,Madre de Dios,2,"PRIMERO LA GENTE – COMUNIDAD, ECOLOGÍA, LIBERTAD Y PROGRESO",989
diputado,Madre de Dios,2,PARTIDO POLÍTICO COOPERACIÓN POPULAR,920
diputado,Madre de Dios,2,PARTIDO APRISTA PERUANO,918
diputado,Madre de Dios,2,PARTIDO DEMÓCRATA UNIDO PERÚ,876
diputado,Madre de Dios,2,UNIDAD NACIONAL,805
diputado,Madre de Dios,2,ALIANZA ELECTORAL VENCEREMOS,747
diputado,Madre de Dios,2,PARTIDO DEMÓCRATA VERDE,413
diputado,Madre de Dios,2,PERÚ MODERNO,274
diputado,Madre de Dios,2,FUERZA Y LIBERTAD,236
diputado,Madre de Dios,2,PARTIDO POLÍTICO INTEGRIDAD DEMOCRÁTICA,161
diputado,Madre de Dios,2,LIBERTAD POPULAR,160
diputado,Madre de Dios,2,UN CAMINO DIFERENTE,137
diputado,Madre de Dios,2,PARTIDO POLÍTICO PERÚ ACCIÓN,123
diputado,Madre de Dios,2,PARTIDO DEMOCRATICO FEDERAL,119
diputado,Madre de Dios,2,SALVEMOS AL PERÚ,112
diputado,Moquegua,2,VOTOS EN BLANCO,20843
diputado,Moquegua,2,VOTOS NULOS,17696
diputado,Moquegua,2,JUNTOS POR EL PERÚ,14195
diputado,Moquegua,2,PARTIDO DEL BUEN GOBIERNO,10477
diputado,Moquegua,2,AHORA NACIÓN - AN,10175
diputado,Moquegua,2,PARTIDO POLÍTICO PERÚ PRIMERO,8593
diputado,Moquegua,2,RENOVACIÓN POPULAR,5752
diputado,Moquegua,2,PARTIDO FRENTE DE LA ESPERANZA 2021,5405
diputado,Moquegua,2,FUERZA POPULAR,5036
diputado,Moquegua,2,"PRIMERO LA GENTE – COMUNIDAD, ECOLOGÍA, LIBERTAD Y PROGRESO",4629
diputado,Moquegua,2,PARTIDO POLÍTICO COOPERACIÓN POPULAR,3856
diputado,Moquegua,2,PARTIDO PAÍS PARA TODOS,3209
diputado,Moquegua,2,PODEMOS PERÚ,2971
diputado,Moquegua,2,ALIANZA ELECTORAL VENCEREMOS,2350
diputado,Moquegua,2,PROGRESEMOS,2244
diputado,Moquegua,2,PARTIDO POLÍTICO NACIONAL PERÚ LIBRE,1895
diputado,Moquegua,2,PARTIDO DEMOCRÁTICO SOMOS PERÚ,1748
diputado,Moquegua,2,ALIANZA PARA EL PROGRESO,1732
diputado,Moquegua,2,FRENTE POPULAR AGRÍCOLA FÍA DEL PERÚ,1616
diputado,Moquegua,2,PARTIDO DEMÓCRATA UNIDO PERÚ,1374
diputado,Moquegua,2,PARTIDO APRISTA PERUANO,1103
diputado,Moquegua,2,PARTIDO POLÍTICO PRIN,1031
diputado,Moquegua,2,UN CAMINO DIFERENTE,533
diputado,Moquegua,2,PARTIDO DEMÓCRATA VERDE,526
diputado,Moquegua,2,FUERZA Y LIBERTAD,524
diputado,Moquegua,2,UNIDAD NACIONAL,478
diputado,Moquegua,2,PERÚ MODERNO,469
diputado,Moquegua,2,LIBERTAD POPULAR,404
diputado,Moquegua,2,PARTIDO POLÍTICO INTEGRIDAD DEMOCRÁTICA,266
diputado,Moquegua,2,PARTIDO DEMOCRATICO FEDERAL,197
diputado,Pasco,2,VOTOS EN BLANCO,37915
diputado,Pasco,2,VOTOS NULOS,22826
diputado,Pasco,2,FUERZA POPULAR,16244
diputado,Pasco,2,PODEMOS PERÚ,10089
diputado,Pasco,2,AHORA NACIÓN - AN,7710
diputado,Pasco,2,ALIANZA PARA EL PROGRESO,7702
diputado,Pasco,2,PARTIDO DEMOCRÁTICO SOMOS PERÚ,7418
diputado,Pasco,2,RENOVACIÓN POPULAR,7367
diputado,Pasco,2,PARTIDO CÍVICO OBRAS,7196
diputado,Pasco,2,PARTIDO FRENTE DE LA ESPERANZA 2021,5201
diputado,Pasco,2,FRENTE POPULAR AGRÍCOLA FÍA DEL PERÚ,3819
diputado,Pasco,2,PARTIDO PAÍS PARA TODOS,2039
diputado,Pasco,2,"PRIMERO LA GENTE – COMUNIDAD, ECOLOGÍA, LIBERTAD Y PROGRESO",1694
diputado,Pasco,2,PARTIDO POLÍTICO COOPERACIÓN POPULAR,1330
diputado,Pasco,2,PARTIDO POLÍTICO PERÚ PRIMERO,1301
diputado,Pasco,2,PARTIDO POLÍTICO NACIONAL PERÚ LIBRE,1219
diputado,Pasco,2,PARTIDO MORADO,670
diputado,Pasco,2,PARTIDO DEMÓCRATA VERDE,667
diputado,Pasco,2,PARTIDO APRISTA PERUANO,647
diputado,Pasco,2,PARTIDO POLÍTICO INTEGRIDAD DEMOCRÁTICA,636
diputado,Pasco,2,ALIANZA ELECTORAL VENCEREMOS,600
diputado,Pasco,2,PROGRESEMOS,455
diputado,Pasco,2,AVANZA PAÍS - PARTIDO DE INTEGRACIÓN SOCIAL,284
diputado,Pasco,2,LIBERTAD POPULAR,255
diputado,Pasco,2,FUERZA Y LIBERTAD,228
diputado,Pasco,2,UN CAMINO DIFERENTE,204
diputado,Pasco,2,PARTIDO POLÍTICO PRIN,170
diputado,Pasco,2,UNIDAD NACIONAL,113
diputado,Piura,7,VOTOS EN BLANCO,240858
diputado,Piura,7,VOTOS NULOS,188812
diputado,Piura,7,FUERZA POPULAR,179601
diputado,Piura,7,PARTIDO DEL BUEN GOBIERNO,53330
diputado,Piura,7,PARTIDO PAÍS PARA TODOS,50086
diputado,Piura,7,RENOVACIÓN POPULAR,45857
diputado,Piura,7,PARTIDO CÍVICO OBRAS,41580
diputado,Piura,7,AHORA NACIÓN - AN,33517
diputado,Piura,7,PODEMOS PERÚ,33074
diputado,Piura,7,ALIANZA PARA EL PROGRESO,28258
diputado,Piura,7,"PRIMERO LA GENTE – COMUNIDAD, ECOLOGÍA, LIBERTAD Y PROGRESO",21796
diputado,Piura,7,PARTIDO POLÍTICO PERÚ PRIMERO,19114
diputado,Piura,7,PARTIDO DEMOCRÁTICO SOMOS PERÚ,14901
diputado,Piura,7,PARTIDO SICREO,13949
diputado,Piura,7,PARTIDO APRISTA PERUANO,13365
diputado,Piura,7,ALIANZA ELECTORAL VENCEREMOS,8500
diputado,Piura,7,PARTIDO FRENTE DE LA ESPERANZA 2021,8487
diputado,Piura,7,PARTIDO PATRIÓTICO DEL PERÚ,6620
diputado,Piura,7,PARTIDO DEMÓCRATA UNIDO PERÚ,6458
diputado,Piura,7,PROGRESEMOS,5894
diputado,Piura,7,FRENTE POPULAR AGRÍCOLA FÍA DEL PERÚ,5556
diputado,Piura,7,PARTIDO POLÍTICO NACIONAL PERÚ LIBRE,5234
diputado,Piura,7,UN CAMINO DIFERENTE,4312
diputado,Piura,7,AVANZA PAÍS - PARTIDO DE INTEGRACIÓN SOCIAL,3586
diputado,Piura,7,PARTIDO POLÍTICO INTEGRIDAD DEMOCRÁTICA,3482
diputado,Piura,7,PARTIDO POLÍTICO COOPERACIÓN POPULAR,3359
diputado,Piura,7,LIBERTAD POPULAR,2905
diputado,Piura,7,PARTIDO DEMÓCRATA VERDE,2649
diputado,Piura,7,PARTIDO MORADO,2224
diputado,Piura,7,UNIDAD NACIONAL,2194
diputado,Piura,7,PARTIDO POLÍTICO PRIN,1987
diputado,Piura,7,FUERZA Y LIBERTAD,1763
diputado,Piura,7,SALVEMOS AL PERÚ,1660
diputado,Piura,7,FE EN EL PERÚ,1338
diputado,Piura,7,PARTIDO POLÍTICO PERÚ ACCIÓN,1161
diputado,Piura,7,PARTIDO DEMOCRATICO FEDERAL,1089
diputado,Puno,5,JUNTOS POR EL PERÚ,146313
diputado,Puno,5,VOTOS NULOS,113764
diputado,Puno,5,PARTIDO CÍVICO OBRAS,84742
diputado,Puno,5,VOTOS EN BLANCO,83210
diputado,Puno,5,AHORA NACIÓN - AN,69740
diputado,Puno,5,PARTIDO POLÍTICO COOPERACIÓN POPULAR,49999
diputado,Puno,5,ALIANZA ELECTORAL VENCEREMOS,34498
diputado,Puno,5,PARTIDO DEL BUEN GOBIERNO,21309
diputado,Puno,5,PARTIDO FRENTE DE LA ESPERANZA 2021,21003
diputado,Puno,5,FUERZA POPULAR,16095
diputado,Puno,5,FRENTE POPULAR AGRÍCOLA FÍA DEL PERÚ,14557
diputado,Puno,5,RENOVACIÓN POPULAR,10516
diputado,Puno,5,PARTIDO POLÍTICO NACIONAL PERÚ LIBRE,10486
diputado,Puno,5,PARTIDO DEMÓCRATA UNIDO PERÚ,10375
diputado,Puno,5,ALIANZA PARA EL PROGRESO,10268
diputado,Puno,5,PARTIDO PAÍS PARA TODOS,9138
diputado,Puno,5,"PRIMERO LA GENTE – COMUNIDAD, ECOLOGÍA, LIBERTAD Y PROGRESO",8533
diputado,Puno,5,PARTIDO POLÍTICO PERÚ PRIMERO,8229
diputado,Puno,5,PARTIDO DEMOCRÁTICO SOMOS PERÚ,8206
diputado,Puno,5,PODEMOS PERÚ,8026
diputado,Puno,5,PARTIDO PATRIÓTICO DEL PERÚ,4828
diputado,Puno,5,PROGRESEMOS,4746
diputado,Puno,5,PARTIDO DEMÓCRATA VERDE,4379
diputado,Puno,5,FUERZA Y LIBERTAD,1965
diputado,Puno,5,PARTIDO DEMOCRATICO FEDERAL,1830
diputado,Puno,5,PARTIDO POLÍTICO PRIN,1728
diputado,Puno,5,UNIDAD NACIONAL,1689
diputado,Puno,5,PARTIDO APRISTA PERUANO,1670
diputado,Puno,5,PARTIDO DE LOS TRABAJADORES Y EMPRENDEDORES PTE - PERÚ,1610
diputado,Puno,5,AVANZA PAÍS - PARTIDO DE INTEGRACIÓN SOCIAL,1423
diputado,Puno,5,LIBERTAD POPULAR,1371
diputado,Puno,5,SALVEMOS AL PERÚ,1244
diputado,Puno,5,UN CAMINO DIFERENTE,804
diputado,Puno,5,PARTIDO POLÍTICO INTEGRIDAD DEMOCRÁTICA,781
diputado,Puno,5,PERÚ MODERNO,296
diputado,San Martín,4,VOTOS EN BLANCO,110917
diputado,San Martín,4,VOTOS NULOS,101435
diputado,San Martín,4,JUNTOS POR EL PERÚ,68952
diputado,San Martín,4,FUERZA POPULAR,62912
diputado,San Martín,4,PARTIDO CÍVICO OBRAS,30608
diputado,San Martín,4,RENOVACIÓN POPULAR,23251
diputado,San Martín,4,ALIANZA PARA EL PROGRESO,16731
diputado,San Martín,4,PARTIDO DEL BUEN GOBIERNO,13055
diputado,San Martín,4,AHORA NACIÓN - AN,12959
diputado,San Martín,4,AVANZA PAÍS - PARTIDO DE INTEGRACIÓN SOCIAL,10349
diputado,San Martín,4,PARTIDO PAÍS PARA TODOS,8556
diputado,San Martín,4,PODEMOS PERÚ,7964
diputado,San Martín,4,PARTIDO DEMOCRÁTICO SOMOS PERÚ,7538
diputado,San Martín,4,PARTIDO APRISTA PERUANO,4525
diputado,San Martín,4,PARTIDO POLÍTICO PERÚ PRIMERO,4353
diputado,San Martín,4,ALIANZA ELECTORAL VENCEREMOS,3813
diputado,San Martín,4,FRENTE POPULAR AGRÍCOLA FÍA DEL PERÚ,3565
diputado,San Martín,4,PARTIDO MORADO,3485
diputado,San Martín,4,PARTIDO DEMÓCRATA UNIDO PERÚ,3032
diputado,San Martín,4,PARTIDO PATRIÓTICO DEL PERÚ,3010
diputado,San Martín,4,UNIDAD NACIONAL,2987
diputado,San Martín,4,PARTIDO POLÍTICO NACIONAL PERÚ LIBRE,2789
diputado,San Martín,4,PARTIDO FRENTE DE LA ESPERANZA 2021,2530
diputado,San Martín,4,PARTIDO POLÍTICO PRIN,2280
diputado,San Martín,4,PARTIDO DEMÓCRATA VERDE,2151
diputado,San Martín,4,PARTIDO POLÍTICO COOPERACIÓN POPULAR,1881
diputado,San Martín,4,UN CAMINO DIFERENTE,1339
diputado,San Martín,4,PROGRESEMOS,1276
diputado,San Martín,4,PARTIDO POLÍTICO INTEGRIDAD DEMOCRÁTICA,1043
diputado,San Martín,4,FE EN EL PERÚ,950
diputado,San Martín,4,FUERZA Y LIBERTAD,871
diputado,San Martín,4,SALVEMOS AL PERÚ,649
diputado,San Martín,4,PARTIDO DEMOCRATICO FEDERAL,541
diputado,Tacna,2,VOTOS NULOS,31296
diputado,Tacna,2,JUNTOS POR EL PERÚ,24438
diputado,Tacna,2,PARTIDO CÍVICO OBRAS,24171
diputado,Tacna,2,VOTOS EN BLANCO,22340
diputado,Tacna,2,PARTIDO DEL BUEN GOBIERNO,22137
diputado,Tacna,2,AHORA NACIÓN - AN,21547
diputado,Tacna,2,RENOVACIÓN POPULAR,11333
diputado,Tacna,2,"PRIMERO LA GENTE – COMUNIDAD, ECOLOGÍA, LIBERTAD Y PROGRESO",11323
diputado,Tacna,2,FUERZA POPULAR,10236
diputado,Tacna,2,PARTIDO PAÍS PARA TODOS,9354
diputado,Tacna,2,PARTIDO FRENTE DE LA ESPERANZA 2021,8476
diputado,Tacna,2,PODEMOS PERÚ,7511
diputado,Tacna,2,PARTIDO POLÍTICO COOPERACIÓN POPULAR,6844
diputado,Tacna,2,PARTIDO SICREO,6547
diputado,Tacna,2,PARTIDO POLÍTICO PERÚ PRIMERO,4275
diputado,Tacna,2,FRENTE POPULAR AGRÍCOLA FÍA DEL PERÚ,3847
diputado,Tacna,2,ALIANZA PARA EL PROGRESO,3709
diputado,Tacna,2,AVANZA PAÍS - PARTIDO DE INTEGRACIÓN SOCIAL,3319
diputado,Tacna,2,PARTIDO POLÍTICO NACIONAL PERÚ LIBRE,3066
diputado,Tacna,2,PROGRESEMOS,2277
diputado,Tacna,2,PARTIDO APRISTA PERUANO,2208
diputado,Tacna,2,PARTIDO DEMOCRÁTICO SOMOS PERÚ,1602
diputado,Tacna,2,ALIANZA ELECTORAL VENCEREMOS,1568
diputado,Tacna,2,PARTIDO DEMÓCRATA VERDE,909
diputado,Tacna,2,PARTIDO POLÍTICO PERÚ ACCIÓN,904
diputado,Tacna,2,UNIDAD NACIONAL,887
diputado,Tacna,2,FUERZA Y LIBERTAD,796
diputado,Tacna,2,LIBERTAD POPULAR,719
diputado,Tacna,2,UN CAMINO DIFERENTE,565
diputado,Tacna,2,PARTIDO POLÍTICO INTEGRIDAD DEMOCRÁTICA,533
diputado,Tacna,2,PARTIDO DEMOCRATICO FEDERAL,232
diputado,Tumbes,2,VOTOS EN BLANCO,29656
diputado,Tumbes,2,VOTOS NULOS,27660
diputado,Tumbes,2,FUERZA POPULAR,21114
diputado,Tumbes,2,RENOVACIÓN POPULAR,8742
diputado,Tumbes,2,ALIANZA PARA EL PROGRESO,7712
diputado,Tumbes,2,PARTIDO PAÍS PARA TODOS,6987
diputado,Tumbes,2,JUNTOS POR EL PERÚ,6369
diputado,Tumbes,2,PODEMOS PERÚ,4611
diputado,Tumbes,2,AHORA NACIÓN - AN,4274
diputado,Tumbes,2,PARTIDO DEL BUEN GOBIERNO,4245
diputado,Tumbes,2,PARTIDO DEMOCRÁTICO SOMOS PERÚ,4186
diputado,Tumbes,2,PARTIDO APRISTA PERUANO,2104
diputado,Tumbes,2,"PRIMERO LA GENTE – COMUNIDAD, ECOLOGÍA, LIBERTAD Y PROGRESO",1908
diputado,Tumbes,2,FE EN EL PERÚ,1779
diputado,Tumbes,2,ALIANZA ELECTORAL VENCEREMOS,1563
diputado,Tumbes,2,PARTIDO POLÍTICO NACIONAL PERÚ LIBRE,1406
diputado,Tumbes,2,FRENTE POPULAR AGRÍCOLA FÍA DEL PERÚ,1235
diputado,Tumbes,2,PARTIDO POLÍTICO INTEGRIDAD DEMOCRÁTICA,1168
diputado,Tumbes,2,PARTIDO DEMÓCRATA VERDE,908
diputado,Tumbes,2,PARTIDO POLÍTICO PERÚ PRIMERO,888
diputado,Tumbes,2,PARTIDO MORADO,602
diputado,Tumbes,2,UNIDAD NACIONAL,594
diputado,Tumbes,2,LIBERTAD POPULAR,519
diputado,Tumbes,2,PARTIDO POLÍTICO COOPERACIÓN POPULAR,353
diputado,Tumbes,2,UN CAMINO DIFERENTE,304
diputado,Tumbes,2,SALVEMOS AL PERÚ,290
diputado,Tumbes,2,AVANZA PAÍS - PARTIDO DE INTEGRACIÓN SOCIAL,230
diputado,Tumbes,2,FUERZA Y LIBERTAD,226
diputado,Tumbes,2,PARTIDO POLÍTICO PERÚ ACCIÓN,152
diputado,Ucayali,3,VOTOS NULOS,49329
diputado,Ucayali,3,VOTOS EN BLANCO,44772
diputado,Ucayali,3,FUERZA POPULAR,43559
diputado,Ucayali,3,JUNTOS POR EL PERÚ,18178
diputado,Ucayali,3,PARTIDO CÍVICO OBRAS,11253
diputado,Ucayali,3,PARTIDO PAÍS PARA TODOS,10098
diputado,Ucayali,3,RENOVACIÓN POPULAR,9730
diputado,Ucayali,3,PARTIDO DEMOCRÁTICO SOMOS PERÚ,8513
diputado,Ucayali,3,FRENTE POPULAR AGRÍCOLA FÍA DEL PERÚ,7504
diputado,Ucayali,3,PODEMOS PERÚ,6963
diputado,Ucayali,3,PARTIDO DEL BUEN GOBIERNO,6868
diputado,Ucayali,3,AHORA NACIÓN - AN,6426
diputado,Ucayali,3,PARTIDO POLÍTICO PERÚ PRIMERO,4665
diputado,Ucayali,3,ALIANZA PARA EL PROGRESO,3234
diputado,Ucayali,3,PROGRESEMOS,2505
diputado,Ucayali,3,PARTIDO FRENTE DE LA ESPERANZA 2021,2439
diputado,Ucayali,3,PARTIDO POLÍTICO NACIONAL PERÚ LIBRE,2362
diputado,Ucayali,3,PARTIDO DEMÓCRATA UNIDO PERÚ,1995
diputado,Ucayali,3,AVANZA PAÍS - PARTIDO DE INTEGRACIÓN SOCIAL,1879
diputado,Ucayali,3,PARTIDO APRISTA PERUANO,1715
diputado,Ucayali,3,ALIANZA ELECTORAL VENCEREMOS,1414
diputado,Ucayali,3,PARTIDO POLÍTICO COOPERACIÓN POPULAR,1385
diputado,Ucayali,3,PARTIDO DEMÓCRATA VERDE,883
diputado,Ucayali,3,UNIDAD NACIONAL,687
diputado,Ucayali,3,FUERZA Y LIBERTAD,628
diputado,Ucayali,3,PARTIDO POLÍTICO INTEGRIDAD DEMOCRÁTICA,551
diputado,Ucayali,3,FE EN EL PERÚ,540
diputado,Ucayali,3,LIBERTAD POPULAR,512
diputado,Ucayali,3,PARTIDO POLÍTICO PERÚ ACCIÓN,434
diputado,Ucayali,3,UN CAMINO DIFERENTE,400
diputado,Ucayali,3,PERÚ MODERNO,350
diputado,Ucayali,3,PARTIDO POLÍTICO PRIN,334
diputado,Ucayali,3,PARTIDO DEMOCRATICO FEDERAL,174
diputado,PEX,2,VOTOS NULOS,99403
diputado,PEX,2,RENOVACIÓN POPULAR,56037
diputado,PEX,2,VOTOS EN BLANCO,52674
diputado,PEX,2,FUERZA POPULAR,36582
diputado,PEX,2,PARTIDO DEL BUEN GOBIERNO,24850
diputado,PEX,2,PARTIDO CÍVICO OBRAS,22848
diputado,PEX,2,PARTIDO PAÍS PARA TODOS,20667
diputado,PEX,2,AHORA NACIÓN - AN,18567
diputado,PEX,2,"PRIMERO LA GENTE – COMUNIDAD, ECOLOGÍA, LIBERTAD Y PROGRESO",8404
diputado,PEX,2,PARTIDO APRISTA PERUANO,4438
diputado,PEX,2,UN CAMINO DIFERENTE,3024
diputado,PEX,2,PARTIDO SICREO,2974
diputado,PEX,2,PARTIDO FRENTE DE LA ESPERANZA 2021,2910
diputado,PEX,2,FRENTE POPULAR AGRÍCOLA FÍA DEL PERÚ,1973
diputado,PEX,2,PARTIDO DEMOCRÁTICO SOMOS PERÚ,1925
diputado,PEX,2,ALIANZA ELECTORAL VENCEREMOS,1809
diputado,PEX,2,PARTIDO DEMÓCRATA UNIDO PERÚ,1732
diputado,PEX,2,PARTIDO MORADO,1552
diputado,PEX,2,PODEMOS PERÚ,1540
diputado,PEX,2,UNIDAD NACIONAL,1501
diputado,PEX,2,ALIANZA PARA EL PROGRESO,1362
diputado,PEX,2,PARTIDO POLÍTICO NACIONAL PERÚ LIBRE,1351
diputado,PEX,2,AVANZA PAÍS - PARTIDO DE INTEGRACIÓN SOCIAL,1287
diputado,PEX,2,PARTIDO POLÍTICO COOPERACIÓN POPULAR,1267
diputado,PEX,2,PARTIDO PATRIÓTICO DEL PERÚ,1141
diputado,PEX,2,PARTIDO DEMÓCRATA VERDE,1123
diputado,PEX,2,PARTIDO POLÍTICO INTEGRIDAD DEMOCRÁTICA,951
diputado,PEX,2,PROGRESEMOS,833
diputado,PEX,2,PARTIDO POLÍTICO PERÚ PRIMERO,774
diputado,PEX,2,FUERZA Y LIBERTAD,524
diputado,PEX,2,PARTIDO POLÍTICO PERÚ ACCIÓN,421
diputado,PEX,2,PARTIDO POLÍTICO PRIN,414
diputado,PEX,2,FE EN EL PERÚ,338
diputado,PEX,2,SALVEMOS AL PERÚ,264
senador,Amazonas,1,VOTOS EN BLANCO,88613
senador,Amazonas,1,VOTOS NULOS,25191
senador,Amazonas,1,FUERZA POPULAR,20967
senador,Amazonas,1,AHORA NACIÓN - AN,8479
senador,Amazonas,1,PARTIDO DEMOCRÁTICO SOMOS PERÚ,7839
senador,Amazonas,1,ALIANZA PARA EL PROGRESO,7563
senador,Amazonas,1,PODEMOS PERÚ,7151
senador,Amazonas,1,RENOVACIÓN POPULAR,5453
senador,Amazonas,1,PARTIDO DEL BUEN GOBIERNO,4480
senador,Amazonas,1,PARTIDO POLÍTICO NACIONAL PERÚ LIBRE,2482
senador,Amazonas,1,ALIANZA ELECTORAL VENCEREMOS,2394
senador,Amazonas,1,FRENTE POPULAR AGRÍCOLA FÍA DEL PERÚ,2072
senador,Amazonas,1,"PRIMERO LA GENTE – COMUNIDAD, ECOLOGÍA, LIBERTAD Y PROGRESO",1975
senador,Amazonas,1,PARTIDO APRISTA PERUANO,1689
senador,Amazonas,1,PARTIDO POLÍTICO PERÚ PRIMERO,1566
senador,Amazonas,1,PARTIDO POLÍTICO COOPERACIÓN POPULAR,1206
senador,Amazonas,1,PARTIDO FRENTE DE LA ESPERANZA 2021,1089
senador,Amazonas,1,PARTIDO MORADO,1038
senador,Amazonas,1,AVANZA PAÍS - PARTIDO DE INTEGRACIÓN SOCIAL,830
senador,Amazonas,1,PARTIDO DEMÓCRATA UNIDO PERÚ,702
senador,Amazonas,1,PARTIDO DEMÓCRATA VERDE,684
senador,Amazonas,1,UN CAMINO DIFERENTE,587
senador,Amazonas,1,PROGRESEMOS,433
senador,Amazonas,1,PARTIDO DEMOCRATICO FEDERAL,409
senador,Amazonas,1,PARTIDO POLÍTICO INTEGRIDAD DEMOCRÁTICA,309
senador,Amazonas,1,PARTIDO POLÍTICO PRIN,273
senador,Amazonas,1,LIBERTAD POPULAR,269
senador,Amazonas,1,FUERZA Y LIBERTAD,187
senador,Áncash,1,VOTOS EN BLANCO,119314
senador,Áncash,1,VOTOS NULOS,116478
senador,Áncash,1,FUERZA POPULAR,68844
senador,Áncash,1,JUNTOS POR EL PERÚ,65754
senador,Áncash,1,PARTIDO PAÍS PARA TODOS,39066
senador,Áncash,1,PARTIDO CÍVICO OBRAS,38697
senador,Áncash,1,AHORA NACIÓN - AN,38696
senador,Áncash,1,PARTIDO DEL BUEN GOBIERNO,31987
senador,Áncash,1,RENOVACIÓN POPULAR,25650
senador,Áncash,1,PODEMOS PERÚ,19177
senador,Áncash,1,ALIANZA PARA EL PROGRESO,16715
senador,Áncash,1,"PRIMERO LA GENTE – COMUNIDAD, ECOLOGÍA, LIBERTAD Y PROGRESO",11285
senador,Áncash,1,PARTIDO DEMOCRÁTICO SOMOS PERÚ,10750
senador,Áncash,1,PARTIDO FRENTE DE LA ESPERANZA 2021,8580
senador,Áncash,1,FRENTE POPULAR AGRÍCOLA FÍA DEL PERÚ,7916
senador,Áncash,1,PARTIDO APRISTA PERUANO,6813
senador,Áncash,1,PARTIDO POLÍTICO PERÚ PRIMERO,5813
senador,Áncash,1,PARTIDO PATRIÓTICO DEL PERÚ,4236
senador,Áncash,1,ALIANZA ELECTORAL VENCEREMOS,4233
senador,Áncash,1,PROGRESEMOS,4198
senador,Áncash,1,UN CAMINO DIFERENTE,3767
senador,Áncash,1,PARTIDO POLÍTICO NACIONAL PERÚ LIBRE,3702
senador,Áncash,1,LIBERTAD POPULAR,3105
senador,Áncash,1,PARTIDO DEMÓCRATA UNIDO PERÚ,2867
senador,Áncash,1,PARTIDO POLÍTICO COOPERACIÓN POPULAR,2721
senador,Áncash,1,PARTIDO MORADO,1918
senador,Áncash,1,PARTIDO POLÍTICO INTEGRIDAD DEMOCRÁTICA,1350
senador,Áncash,1,FE EN EL PERÚ,1302
senador,Áncash,1,UNIDAD NACIONAL,1054
senador,Áncash,1,PARTIDO POLÍTICO PERÚ ACCIÓN,867
senador,Áncash,1,FUERZA Y LIBERTAD,859
senador,Áncash,1,PARTIDO DEMOCRATICO FEDERAL,858
senador,Áncash,1,AVANZA PAÍS - PARTIDO DE INTEGRACIÓN SOCIAL,852
senador,Áncash,1,SALVEMOS AL PERÚ,824
senador,Áncash,1,PARTIDO POLÍTICO PRIN,564
senador,Áncash,1,PERÚ MODERNO,289
senador,Apurímac,1,JUNTOS POR EL PERÚ,69890
senador,Apurímac,1,VOTOS EN BLANCO,37772
senador,Apurímac,1,VOTOS NULOS,36634
senador,Apurímac,1,PARTIDO CÍVICO OBRAS,20652
senador,Apurímac,1,AHORA NACIÓN - AN,20025
senador,Apurímac,1,FUERZA POPULAR,9744
senador,Apurímac,1,PARTIDO DEMÓCRATA UNIDO PERÚ,7844
senador,Apurímac,1,FRENTE POPULAR AGRÍCOLA FÍA DEL PERÚ,6537
senador,Apurímac,1,PARTIDO DEL BUEN GOBIERNO,6503
senador,Apurímac,1,PODEMOS PERÚ,5129
senador,Apurímac,1,RENOVACIÓN POPULAR,4475
senador,Apurímac,1,ALIANZA PARA EL PROGRESO,3734
senador,Apurímac,1,PROGRESEMOS,3340
senador,Apurímac,1,LIBERTAD POPULAR,2697
senador,Apurímac,1,PARTIDO POLÍTICO NACIONAL PERÚ LIBRE,2660
senador,Apurímac,1,ALIANZA ELECTORAL VENCEREMOS,2260
senador,Apurímac,1,PARTIDO FRENTE DE LA ESPERANZA 2021,2069
senador,Apurímac,1,PARTIDO PAÍS PARA TODOS,1872
senador,Apurímac,1,PARTIDO PATRIÓTICO DEL PERÚ,1779
senador,Apurímac,1,PARTIDO POLÍTICO PERÚ PRIMERO,1503
senador,Apurímac,1,PARTIDO POLÍTICO COOPERACIÓN POPULAR,1083
senador,Apurímac,1,PARTIDO APRISTA PERUANO,1029
senador,Apurímac,1,PARTIDO DEMÓCRATA VERDE,857
senador,Apurímac,1,PARTIDO DEMOCRÁTICO SOMOS PERÚ,851
senador,Apurímac,1,SALVEMOS AL PERÚ,829
senador,Apurímac,1,PARTIDO MORADO,646
senador,Apurímac,1,PARTIDO POLÍTICO PRIN,505
senador,Apurímac,1,AVANZA PAÍS - PARTIDO DE INTEGRACIÓN SOCIAL,469
senador,Apurímac,1,FUERZA Y LIBERTAD,363
senador,Apurímac,1,PARTIDO DEMOCRATICO FEDERAL,353
senador,Apurímac,1,PARTIDO POLÍTICO INTEGRIDAD DEMOCRÁTICA,252
senador,Apurímac,1,UNIDAD NACIONAL,209
senador,Apurímac,1,UN CAMINO DIFERENTE,181
senador,Apurímac,1,PERÚ MODERNO,59
senador,Arequipa,1,PARTIDO DEL BUEN GOBIERNO,150740
senador,Arequipa,1,VOTOS NULOS,135561
senador,Arequipa,1,VOTOS EN BLANCO,102370
senador,Arequipa,1,JUNTOS POR EL PERÚ,82594
senador,Arequipa,1,AHORA NACIÓN - AN,79471
senador,Arequipa,1,RENOVACIÓN POPULAR,78488
senador,Arequipa,1,PARTIDO CÍVICO OBRAS,77406
senador,Arequipa,1,PARTIDO PAÍS PARA TODOS,57485
senador,Arequipa,1,FUERZA POPULAR,45899
senador,Arequipa,1,"PRIMERO LA GENTE – COMUNIDAD, ECOLOGÍA, LIBERTAD Y PROGRESO",35312
senador,Arequipa,1,PARTIDO FRENTE DE LA ESPERANZA 2021,23512
senador,Arequipa,1,FRENTE POPULAR AGRÍCOLA FÍA DEL PERÚ,15499
senador,Arequipa,1,PARTIDO POLÍTICO COOPERACIÓN POPULAR,14562
senador,Arequipa,1,PODEMOS PERÚ,12493
senador,Arequipa,1,ALIANZA PARA EL PROGRESO,11898
senador,Arequipa,1,PARTIDO POLÍTICO PERÚ PRIMERO,10164
senador,Arequipa,1,PARTIDO APRISTA PERUANO,8170
senador,Arequipa,1,PROGRESEMOS,8145
senador,Arequipa,1,ALIANZA ELECTORAL VENCEREMOS,7518
senador,Arequipa,1,PARTIDO POLÍTICO NACIONAL PERÚ LIBRE,6829
senador,Arequipa,1,PARTIDO MORADO,4605
senador,Arequipa,1,PARTIDO DEMOCRÁTICO SOMOS PERÚ,4235
senador,Arequipa,1,PARTIDO DEMÓCRATA VERDE,3498
senador,Arequipa,1,UNIDAD NACIONAL,2650
senador,Arequipa,1,FUERZA Y LIBERTAD,2290
senador,Arequipa,1,AVANZA PAÍS - PARTIDO DE INTEGRACIÓN SOCIAL,2197
senador,Arequipa,1,UN CAMINO DIFERENTE,1766
senador,Arequipa,1,PARTIDO DEMOCRATICO FEDERAL,1645
senador,Arequipa,1,PARTIDO POLÍTICO PERÚ ACCIÓN,1493
senador,Arequipa,1,FE EN EL PERÚ,1440
senador,Arequipa,1,PARTIDO DE LOS TRABAJADORES Y EMPRENDEDORES PTE - PERÚ,1130
senador,Arequipa,1,PERÚ MODERNO,1051
senador,Arequipa,1,PARTIDO POLÍTICO PRIN,974
senador,Arequipa,1,SALVEMOS AL PERÚ,911
senador,Ayacucho,1,JUNTOS POR EL PERÚ,74929
senador,Ayacucho,1,VOTOS NULOS,54961
senador,Ayacucho,1,VOTOS EN BLANCO,51882
senador,Ayacucho,1,AHORA NACIÓN - AN,38270
senador,Ayacucho,1,PARTIDO CÍVICO OBRAS,29539
senador,Ayacucho,1,FUERZA POPULAR,16926
senador,Ayacucho,1,PARTIDO DEL BUEN GOBIERNO,13862
senador,Ayacucho,1,PODEMOS PERÚ,8700
senador,Ayacucho,1,FRENTE POPULAR AGRÍCOLA FÍA DEL PERÚ,8541
senador,Ayacucho,1,RENOVACIÓN POPULAR,6521
senador,Ayacucho,1,PARTIDO FRENTE DE LA ESPERANZA 2021,6153
senador,Ayacucho,1,PARTIDO POLÍTICO PERÚ PRIMERO,5199
senador,Ayacucho,1,ALIANZA ELECTORAL VENCEREMOS,4705
senador,Ayacucho,1,PARTIDO DEMÓCRATA UNIDO PERÚ,4445
senador,Ayacucho,1,PARTIDO POLÍTICO COOPERACIÓN POPULAR,4402
senador,Ayacucho,1,PARTIDO POLÍTICO NACIONAL PERÚ LIBRE,4278
senador,Ayacucho,1,ALIANZA PARA EL PROGRESO,4144
senador,Ayacucho,1,PARTIDO PAÍS PARA TODOS,4109
senador,Ayacucho,1,LIBERTAD POPULAR,3368
senador,Ayacucho,1,PARTIDO DEMOCRÁTICO SOMOS PERÚ,2886
senador,Ayacucho,1,PROGRESEMOS,2010
senador,Ayacucho,1,PARTIDO DEMÓCRATA VERDE,1685
senador,Ayacucho,1,PARTIDO APRISTA PERUANO,1186
senador,Ayacucho,1,FUERZA Y LIBERTAD,955
senador,Ayacucho,1,UN CAMINO DIFERENTE,662
senador,Ayacucho,1,SALVEMOS AL PERÚ,644
senador,Ayacucho,1,PARTIDO POLÍTICO INTEGRIDAD DEMOCRÁTICA,597
senador,Ayacucho,1,UNIDAD NACIONAL,376
senador,Ayacucho,1,AVANZA PAÍS - PARTIDO DE INTEGRACIÓN SOCIAL,355
senador,Cajamarca,1,VOTOS EN BLANCO,384404
senador,Cajamarca,1,VOTOS NULOS,98259
senador,Cajamarca,1,FUERZA POPULAR,63467
senador,Cajamarca,1,PARTIDO CÍVICO OBRAS,50663
senador,Cajamarca,1,AHORA NACIÓN - AN,25891
senador,Cajamarca,1,PARTIDO DEL BUEN GOBIERNO,23539
senador,Cajamarca,1,ALIANZA PARA EL PROGRESO,21756
senador,Cajamarca,1,PODEMOS PERÚ,19754
senador,Cajamarca,1,RENOVACIÓN POPULAR,15162
senador,Cajamarca,1,PARTIDO PAÍS PARA TODOS,12790
senador,Cajamarca,1,PARTIDO DEMOCRÁTICO SOMOS PERÚ,12504
senador,Cajamarca,1,"PRIMERO LA GENTE – COMUNIDAD, ECOLOGÍA, LIBERTAD Y PROGRESO",11031
senador,Cajamarca,1,PARTIDO POLÍTICO NACIONAL PERÚ LIBRE,9020
senador,Cajamarca,1,PARTIDO POLÍTICO PERÚ PRIMERO,8695
senador,Cajamarca,1,FRENTE POPULAR AGRÍCOLA FÍA DEL PERÚ,6282
senador,Cajamarca,1,PARTIDO FRENTE DE LA ESPERANZA 2021,5793
senador,Cajamarca,1,LIBERTAD POPULAR,4870
senador,Cajamarca,1,AVANZA PAÍS - PARTIDO DE INTEGRACIÓN SOCIAL,4633
senador,Cajamarca,1,PARTIDO APRISTA PERUANO,4276
senador,Cajamarca,1,ALIANZA ELECTORAL VENCEREMOS,4002
senador,Cajamarca,1,UNIDAD NACIONAL,3907
senador,Cajamarca,1,UN CAMINO DIFERENTE,3025
senador,Cajamarca,1,PARTIDO DEMÓCRATA VERDE,2869
senador,Cajamarca,1,PARTIDO POLÍTICO COOPERACIÓN POPULAR,2707
senador,Cajamarca,1,PARTIDO DEMÓCRATA UNIDO PERÚ,2313
senador,Cajamarca,1,PROGRESEMOS,1746
senador,Cajamarca,1,PARTIDO DEMOCRATICO FEDERAL,1729
senador,Cajamarca,1,PARTIDO POLÍTICO INTEGRIDAD DEMOCRÁTICA,1430
senador,Cajamarca,1,SALVEMOS AL PERÚ,1271
senador,Cajamarca,1,PERÚ MODERNO,827
senador,Cajamarca,1,FUERZA Y LIBERTAD,599
senador,Callao,1,VOTOS NULOS,111438
senador,Callao,1,FUERZA POPULAR,88330
senador,Callao,1,PARTIDO DEL BUEN GOBIERNO,75695
senador,Callao,1,VOTOS EN BLANCO,74893
senador,Callao,1,RENOVACIÓN POPULAR,71182
senador,Callao,1,PARTIDO PAÍS PARA TODOS,44416
senador,Callao,1,PARTIDO CÍVICO OBRAS,37027
senador,Callao,1,AHORA NACIÓN - AN,33889
senador,Callao,1,"PRIMERO LA GENTE – COMUNIDAD, ECOLOGÍA, LIBERTAD Y PROGRESO",22086
senador,Callao,1,JUNTOS POR EL PERÚ,15507
senador,Callao,1,PARTIDO APRISTA PERUANO,9133
senador,Callao,1,PARTIDO FRENTE DE LA ESPERANZA 2021,6537
senador,Callao,1,PODEMOS PERÚ,5930
senador,Callao,1,FRENTE POPULAR AGRÍCOLA FÍA DEL PERÚ,5784
senador,Callao,1,PARTIDO DEMOCRÁTICO SOMOS PERÚ,5575
senador,Callao,1,ALIANZA PARA EL PROGRESO,5342
senador,Callao,1,AVANZA PAÍS - PARTIDO DE INTEGRACIÓN SOCIAL,4987
senador,Callao,1,PROGRESEMOS,4197
senador,Callao,1,UNIDAD NACIONAL,4009
senador,Callao,1,PARTIDO MORADO,3698
senador,Callao,1,PARTIDO POLÍTICO PERÚ PRIMERO,3422
senador,Callao,1,LIBERTAD POPULAR,2825
senador,Callao,1,PARTIDO POLÍTICO INTEGRIDAD DEMOCRÁTICA,2695
senador,Callao,1,PARTIDO POLÍTICO COOPERACIÓN POPULAR,2432
senador,Callao,1,PARTIDO DEMÓCRATA UNIDO PERÚ,2266
senador,Callao,1,PARTIDO DEMÓCRATA VERDE,2179
senador,Callao,1,ALIANZA ELECTORAL VENCEREMOS,1956
senador,Callao,1,PARTIDO POLÍTICO NACIONAL PERÚ LIBRE,1861
senador,Callao,1,FUERZA Y LIBERTAD,1168
senador,Callao,1,PARTIDO POLÍTICO PERÚ ACCIÓN,868
senador,Callao,1,FE EN EL PERÚ,714
senador,Callao,1,PARTIDO POLÍTICO PRIN,662
senador,Callao,1,SALVEMOS AL PERÚ,490
senador,Callao,1,PERÚ MODERNO,322
senador,Cusco,1,JUNTOS POR EL PERÚ,130192
senador,Cusco,1,VOTOS NULOS,127638
senador,Cusco,1,VOTOS EN BLANCO,104095
senador,Cusco,1,AHORA NACIÓN - AN,87316
senador,Cusco,1,PARTIDO CÍVICO OBRAS,74514
senador,Cusco,1,PARTIDO DEL BUEN GOBIERNO,49420
senador,Cusco,1,FUERZA POPULAR,25182
senador,Cusco,1,RENOVACIÓN POPULAR,22190
senador,Cusco,1,FRENTE POPULAR AGRÍCOLA FÍA DEL PERÚ,16045
senador,Cusco,1,"PRIMERO LA GENTE – COMUNIDAD, ECOLOGÍA, LIBERTAD Y PROGRESO",15758
senador,Cusco,1,PARTIDO FRENTE DE LA ESPERANZA 2021,15269
senador,Cusco,1,ALIANZA ELECTORAL VENCEREMOS,13506
senador,Cusco,1,PODEMOS PERÚ,11236
senador,Cusco,1,PARTIDO POLÍTICO COOPERACIÓN POPULAR,10905
senador,Cusco,1,PARTIDO PAÍS PARA TODOS,10819
senador,Cusco,1,PARTIDO APRISTA PERUANO,9815
senador,Cusco,1,PARTIDO DEMOCRÁTICO SOMOS PERÚ,7994
senador,Cusco,1,PROGRESEMOS,7634
senador,Cusco,1,PARTIDO POLÍTICO NACIONAL PERÚ LIBRE,7407
senador,Cusco,1,ALIANZA PARA EL PROGRESO,6857
senador,Cusco,1,PARTIDO PATRIÓTICO DEL PERÚ,6644
senador,Cusco,1,PARTIDO POLÍTICO PERÚ PRIMERO,6030
senador,Cusco,1,PARTIDO DEMÓCRATA UNIDO PERÚ,4403
senador,Cusco,1,PARTIDO DEMÓCRATA VERDE,3359
senador,Cusco,1,LIBERTAD POPULAR,3087
senador,Cusco,1,PARTIDO POLÍTICO PERÚ ACCIÓN,1506
senador,Cusco,1,PARTIDO POLÍTICO INTEGRIDAD DEMOCRÁTICA,1464
senador,Cusco,1,AVANZA PAÍS - PARTIDO DE INTEGRACIÓN SOCIAL,1445
senador,Cusco,1,PARTIDO DEMOCRATICO FEDERAL,1323
senador,Cusco,1,SALVEMOS AL PERÚ,1286
senador,Cusco,1,UNIDAD NACIONAL,1237
senador,Cusco,1,FUERZA Y LIBERTAD,1113
senador,Cusco,1,UN CAMINO DIFERENTE,906
senador,Cusco,1,PERÚ MODERNO,618
senador,Huancavelica,1,JUNTOS POR EL PERÚ,67846
senador,Huancavelica,1,VOTOS EN BLANCO,59469
senador,Huancavelica,1,VOTOS NULOS,30380
senador,Huancavelica,1,FUERZA POPULAR,9714
senador,Huancavelica,1,PODEMOS PERÚ,7236
senador,Huancavelica,1,ALIANZA PARA EL PROGRESO,6416
senador,Huancavelica,1,FRENTE POPULAR AGRÍCOLA FÍA DEL PERÚ,4817
senador,Huancavelica,1,PROGRESEMOS,4586
senador,Huancavelica,1,RENOVACIÓN POPULAR,3942
senador,Huancavelica,1,PARTIDO POLÍTICO NACIONAL PERÚ LIBRE,3371
senador,Huancavelica,1,PARTIDO POLÍTICO COOPERACIÓN POPULAR,2771
senador,Huancavelica,1,PARTIDO PAÍS PARA TODOS,2544
senador,Huancavelica,1,ALIANZA ELECTORAL VENCEREMOS,2355
senador,Huancavelica,1,"PRIMERO LA GENTE – COMUNIDAD, ECOLOGÍA, LIBERTAD Y PROGRESO",2311
senador,Huancavelica,1,PARTIDO POLÍTICO PERÚ PRIMERO,2291
senador,Huancavelica,1,PARTIDO FRENTE DE LA ESPERANZA 2021,2149
senador,Huancavelica,1,PARTIDO DEMÓCRATA VERDE,1858
senador,Huancavelica,1,FUERZA Y LIBERTAD,858
senador,Huancavelica,1,PARTIDO DEMOCRÁTICO SOMOS PERÚ,737
senador,Huancavelica,1,PARTIDO APRISTA PERUANO,540
senador,Huancavelica,1,UNIDAD NACIONAL,469
senador,Huancavelica,1,PARTIDO POLÍTICO PERÚ ACCIÓN,382
senador,Huancavelica,1,UN CAMINO DIFERENTE,337
senador,Huancavelica,1,PARTIDO POLÍTICO INTEGRIDAD DEMOCRÁTICA,305
senador,Huancavelica,1,PERÚ MODERNO,88
senador,Huánuco,1,JUNTOS POR EL PERÚ,87994
senador,Huánuco,1,VOTOS EN BLANCO,70323
senador,Huánuco,1,VOTOS NULOS,70201
senador,Huánuco,1,FUERZA POPULAR,39743
senador,Huánuco,1,PARTIDO CÍVICO OBRAS,36578
senador,Huánuco,1,RENOVACIÓN POPULAR,23625
senador,Huánuco,1,AHORA NACIÓN - AN,17177
senador,Huánuco,1,PARTIDO PAÍS PARA TODOS,16052
senador,Huánuco,1,PARTIDO DEL BUEN GOBIERNO,12639
senador,Huánuco,1,FRENTE POPULAR AGRÍCOLA FÍA DEL PERÚ,8268
senador,Huánuco,1,PODEMOS PERÚ,7975
senador,Huánuco,1,"PRIMERO LA GENTE – COMUNIDAD, ECOLOGÍA, LIBERTAD Y PROGRESO",5176
senador,Huánuco,1,PARTIDO DEMOCRÁTICO SOMOS PERÚ,5091
senador,Huánuco,1,PARTIDO FRENTE DE LA ESPERANZA 2021,4940
senador,Huánuco,1,ALIANZA PARA EL PROGRESO,4750
senador,Huánuco,1,PARTIDO POLÍTICO PERÚ PRIMERO,4490
senador,Huánuco,1,PARTIDO POLÍTICO NACIONAL PERÚ LIBRE,3416
senador,Huánuco,1,ALIANZA ELECTORAL VENCEREMOS,3162
senador,Huánuco,1,PARTIDO DEMÓCRATA UNIDO PERÚ,2463
senador,Huánuco,1,PARTIDO APRISTA PERUANO,2226
senador,Huánuco,1,PARTIDO DEMÓCRATA VERDE,2209
senador,Huánuco,1,PROGRESEMOS,1900
senador,Huánuco,1,LIBERTAD POPULAR,1683
senador,Huánuco,1,FE EN EL PERÚ,1164
senador,Huánuco,1,PARTIDO MORADO,1103
senador,Huánuco,1,UNIDAD NACIONAL,1044
senador,Huánuco,1,PARTIDO POLÍTICO INTEGRIDAD DEMOCRÁTICA,984
senador,Huánuco,1,UN CAMINO DIFERENTE,848
senador,Huánuco,1,AVANZA PAÍS - PARTIDO DE INTEGRACIÓN SOCIAL,788
senador,Huánuco,1,PARTIDO DE LOS TRABAJADORES Y EMPRENDEDORES PTE - PERÚ,678
senador,Huánuco,1,FUERZA Y LIBERTAD,670
senador,Huánuco,1,PERÚ MODERNO,652
senador,Ica,1,VOTOS NULOS,93673
senador,Ica,1,VOTOS EN BLANCO,71724
senador,Ica,1,FUERZA POPULAR,69700
senador,Ica,1,PARTIDO DEL BUEN GOBIERNO,39829
senador,Ica,1,PARTIDO CÍVICO OBRAS,38974
senador,Ica,1,RENOVACIÓN POPULAR,36106
senador,Ica,1,PARTIDO PAÍS PARA TODOS,32530
senador,Ica,1,JUNTOS POR EL PERÚ,32442
senador,Ica,1,AHORA NACIÓN - AN,28751
senador,Ica,1,PARTIDO DEMOCRÁTICO SOMOS PERÚ,15578
senador,Ica,1,"PRIMERO LA GENTE – COMUNIDAD, ECOLOGÍA, LIBERTAD Y PROGRESO",13937
senador,Ica,1,ALIANZA PARA EL PROGRESO,12414
senador,Ica,1,PODEMOS PERÚ,11499
senador,Ica,1,PARTIDO APRISTA PERUANO,7789
senador,Ica,1,PARTIDO FRENTE DE LA ESPERANZA 2021,6991
senador,Ica,1,FRENTE POPULAR AGRÍCOLA FÍA DEL PERÚ,6161
senador,Ica,1,PROGRESEMOS,5559
senador,Ica,1,PARTIDO POLÍTICO NACIONAL PERÚ LIBRE,3772
senador,Ica,1,PARTIDO POLÍTICO PERÚ PRIMERO,3576
senador,Ica,1,PARTIDO POLÍTICO COOPERACIÓN POPULAR,2980
senador,Ica,1,ALIANZA ELECTORAL VENCEREMOS,2934
senador,Ica,1,PARTIDO DEMÓCRATA UNIDO PERÚ,2582
senador,Ica,1,PARTIDO MORADO,2498
senador,Ica,1,AVANZA PAÍS - PARTIDO DE INTEGRACIÓN SOCIAL,2361
senador,Ica,1,PARTIDO DEMÓCRATA VERDE,1977
senador,Ica,1,PARTIDO POLÍTICO INTEGRIDAD DEMOCRÁTICA,1966
senador,Ica,1,LIBERTAD POPULAR,1657
senador,Ica,1,UNIDAD NACIONAL,1482
senador,Ica,1,FUERZA Y LIBERTAD,1417
senador,Ica,1,UN CAMINO DIFERENTE,1404
senador,Ica,1,PARTIDO POLÍTICO PERÚ ACCIÓN,1051
senador,Ica,1,PARTIDO POLÍTICO PRIN,687
senador,Ica,1,PARTIDO DEMOCRATICO FEDERAL,634
senador,Ica,1,SALVEMOS AL PERÚ,602
senador,Ica,1,PERÚ MODERNO,362
senador,Junín,1,VOTOS NULOS,139702
senador,Junín,1,VOTOS EN BLANCO,108944
senador,Junín,1,FUERZA POPULAR,79597
senador,Junín,1,AHORA NACIÓN - AN,68300
senador,Junín,1,JUNTOS POR EL PERÚ,67519
senador,Junín,1,PARTIDO CÍVICO OBRAS,53989
senador,Junín,1,PARTIDO DEL BUEN GOBIERNO,46893
senador,Junín,1,RENOVACIÓN POPULAR,39521
senador,Junín,1,PARTIDO PAÍS PARA TODOS,29238
senador,Junín,1,PODEMOS PERÚ,24904
senador,Junín,1,FRENTE POPULAR AGRÍCOLA FÍA DEL PERÚ,17997
senador,Junín,1,PARTIDO POLÍTICO NACIONAL PERÚ LIBRE,15964
senador,Junín,1,ALIANZA PARA EL PROGRESO,14073
senador,Junín,1,PARTIDO FRENTE DE LA ESPERANZA 2021,12852
senador,Junín,1,FUERZA Y LIBERTAD,9367
senador,Junín,1,PARTIDO DEMÓCRATA UNIDO PERÚ,8036
senador,Junín,1,PARTIDO POLÍTICO COOPERACIÓN POPULAR,7034
senador,Junín,1,PARTIDO POLÍTICO PERÚ PRIMERO,6245
senador,Junín,1,PROGRESEMOS,6099
senador,Junín,1,ALIANZA ELECTORAL VENCEREMOS,4784
senador,Junín,1,PARTIDO MORADO,4109
senador,Junín,1,PARTIDO DEMÓCRATA VERDE,3813
senador,Junín,1,PARTIDO DEMOCRÁTICO SOMOS PERÚ,3160
senador,Junín,1,PARTIDO POLÍTICO INTEGRIDAD DEMOCRÁTICA,2288
senador,Junín,1,LIBERTAD POPULAR,1977
senador,Junín,1,AVANZA PAÍS - PARTIDO DE INTEGRACIÓN SOCIAL,1703
senador,Junín,1,UNIDAD NACIONAL,1552
senador,Junín,1,UN CAMINO DIFERENTE,1435
senador,Junín,1,PARTIDO POLÍTICO PERÚ ACCIÓN,1326
senador,Junín,1,SALVEMOS AL PERÚ,1304
senador,Junín,1,PARTIDO POLÍTICO PRIN,614
senador,Junín,1,PERÚ MODERNO,424
senador,La Libertad,1,VOTOS NULOS,198730
senador,La Libertad,1,FUERZA POPULAR,144601
senador,La Libertad,1,VOTOS EN BLANCO,135157
senador,La Libertad,1,UN CAMINO DIFERENTE,86298
senador,La Libertad,1,PARTIDO DEL BUEN GOBIERNO,76952
senador,La Libertad,1,JUNTOS POR EL PERÚ,75827
senador,La Libertad,1,RENOVACIÓN POPULAR,59264
senador,La Libertad,1,PARTIDO CÍVICO OBRAS,51125
senador,La Libertad,1,PARTIDO PAÍS PARA TODOS,46588
senador,La Libertad,1,PARTIDO APRISTA PERUANO,41773
senador,La Libertad,1,ALIANZA PARA EL PROGRESO,38462
senador,La Libertad,1,AHORA NACIÓN - AN,35537
senador,La Libertad,1,PARTIDO SICREO,26103
senador,La Libertad,1,"PRIMERO LA GENTE – COMUNIDAD, ECOLOGÍA, LIBERTAD Y PROGRESO",23327
senador,La Libertad,1,PODEMOS PERÚ,22082
senador,La Libertad,1,FRENTE POPULAR AGRÍCOLA FÍA DEL PERÚ,13501
senador,La Libertad,1,PARTIDO FRENTE DE LA ESPERANZA 2021,10899
senador,La Libertad,1,PARTIDO DEMOCRÁTICO SOMOS PERÚ,9265
senador,La Libertad,1,PARTIDO POLÍTICO PERÚ PRIMERO,7096
senador,La Libertad,1,PARTIDO PATRIÓTICO DEL PERÚ,6696
senador,La Libertad,1,ALIANZA ELECTORAL VENCEREMOS,5452
senador,La Libertad,1,PARTIDO POLÍTICO NACIONAL PERÚ LIBRE,5337
senador,La Libertad,1,AVANZA PAÍS - PARTIDO DE INTEGRACIÓN SOCIAL,4956
senador,La Libertad,1,PARTIDO MORADO,4738
senador,La Libertad,1,PROGRESEMOS,4204
senador,La Libertad,1,PARTIDO DEMÓCRATA UNIDO PERÚ,3871
senador,La Libertad,1,PARTIDO DEMÓCRATA VERDE,3078
senador,La Libertad,1,PARTIDO POLÍTICO INTEGRIDAD DEMOCRÁTICA,2799
senador,La Libertad,1,LIBERTAD POPULAR,2717
senador,La Libertad,1,PARTIDO POLÍTICO COOPERACIÓN POPULAR,2618
senador,La Libertad,1,UNIDAD NACIONAL,2251
senador,La Libertad,1,FE EN EL PERÚ,2000
senador,La Libertad,1,FUERZA Y LIBERTAD,1373
senador,La Libertad,1,PARTIDO POLÍTICO PERÚ ACCIÓN,1332
senador,La Libertad,1,PARTIDO DEMOCRATICO FEDERAL,990
senador,Lambayeque,1,VOTOS NULOS,136957
senador,Lambayeque,1,FUERZA POPULAR,135650
senador,Lambayeque,1,VOTOS EN BLANCO,120078
senador,Lambayeque,1,JUNTOS POR EL PERÚ,60377
senador,Lambayeque,1,PARTIDO DEL BUEN GOBIERNO,59840
senador,Lambayeque,1,RENOVACIÓN POPULAR,43453
senador,Lambayeque,1,PARTIDO CÍVICO OBRAS,37851
senador,Lambayeque,1,PARTIDO PAÍS PARA TODOS,37653
senador,Lambayeque,1,ALIANZA PARA EL PROGRESO,25756
senador,Lambayeque,1,AHORA NACIÓN - AN,25658
senador,Lambayeque,1,PARTIDO APRISTA PERUANO,22573
senador,Lambayeque,1,"PRIMERO LA GENTE – COMUNIDAD, ECOLOGÍA, LIBERTAD Y PROGRESO",16379
senador,Lambayeque,1,PARTIDO DEMOCRÁTICO SOMOS PERÚ,12636
senador,Lambayeque,1,PARTIDO POLÍTICO PERÚ PRIMERO,11169
senador,Lambayeque,1,PODEMOS PERÚ,10479
senador,Lambayeque,1,PARTIDO FRENTE DE LA ESPERANZA 2021,8142
senador,Lambayeque,1,PARTIDO PATRIÓTICO DEL PERÚ,5652
senador,Lambayeque,1,FRENTE POPULAR AGRÍCOLA FÍA DEL PERÚ,4875
senador,Lambayeque,1,ALIANZA ELECTORAL VENCEREMOS,3842
senador,Lambayeque,1,PARTIDO POLÍTICO NACIONAL PERÚ LIBRE,3818
senador,Lambayeque,1,AVANZA PAÍS - PARTIDO DE INTEGRACIÓN SOCIAL,3546
senador,Lambayeque,1,PARTIDO MORADO,3295
senador,Lambayeque,1,UNIDAD NACIONAL,3284
senador,Lambayeque,1,UN CAMINO DIFERENTE,3154
senador,Lambayeque,1,PARTIDO POLÍTICO COOPERACIÓN POPULAR,2937
senador,Lambayeque,1,PARTIDO POLÍTICO INTEGRIDAD DEMOCRÁTICA,2757
senador,Lambayeque,1,PARTIDO DEMÓCRATA VERDE,2509
senador,Lambayeque,1,PROGRESEMOS,2431
senador,Lambayeque,1,PARTIDO DEMÓCRATA UNIDO PERÚ,1726
senador,Lambayeque,1,LIBERTAD POPULAR,1476
senador,Lambayeque,1,PARTIDO DEMOCRATICO FEDERAL,1011
senador,Lambayeque,1,FE EN EL PERÚ,879
senador,Lambayeque,1,SALVEMOS AL PERÚ,747
senador,Lambayeque,1,PERÚ MODERNO,682
senador,Lambayeque,1,PARTIDO POLÍTICO PRIN,620
senador,Lambayeque,1,FUERZA Y LIBERTAD,616
senador,Lima,4,RENOVACIÓN POPULAR,908010
senador,Lima,4,VOTOS NULOS,859036
senador,Lima,4,PARTIDO DEL BUEN GOBIERNO,748096
senador,Lima,4,FUERZA POPULAR,715260
senador,Lima,4,VOTOS EN BLANCO,678279
senador,Lima,4,AHORA NACIÓN - AN,391922
senador,Lima,4,PARTIDO CÍVICO OBRAS,384228
senador,Lima,4,PARTIDO PAÍS PARA TODOS,310949
senador,Lima,4,"PRIMERO LA GENTE – COMUNIDAD, ECOLOGÍA, LIBERTAD Y PROGRESO",210111
senador,Lima,4,JUNTOS POR EL PERÚ,134700
senador,Lima,4,PARTIDO APRISTA PERUANO,84682
senador,Lima,4,FRENTE POPULAR AGRÍCOLA FÍA DEL PERÚ,67930
senador,Lima,4,PARTIDO FRENTE DE LA ESPERANZA 2021,62261
senador,Lima,4,PODEMOS PERÚ,57493
senador,Lima,4,PARTIDO DEMOCRÁTICO SOMOS PERÚ,49382
senador,Lima,4,ALIANZA PARA EL PROGRESO,42872
senador,Lima,4,PROGRESEMOS,39849
senador,Lima,4,PARTIDO MORADO,29745
senador,Lima,4,AVANZA PAÍS - PARTIDO DE INTEGRACIÓN SOCIAL,28425
senador,Lima,4,PARTIDO PATRIÓTICO DEL PERÚ,27581
senador,Lima,4,LIBERTAD POPULAR,26582
senador,Lima,4,PARTIDO POLÍTICO PERÚ PRIMERO,25401
senador,Lima,4,UNIDAD NACIONAL,24635
senador,Lima,4,PARTIDO DEMÓCRATA UNIDO PERÚ,22885
senador,Lima,4,PARTIDO POLÍTICO INTEGRIDAD DEMOCRÁTICA,22877
senador,Lima,4,PARTIDO POLÍTICO COOPERACIÓN POPULAR,22643
senador,Lima,4,ALIANZA ELECTORAL VENCEREMOS,20215
senador,Lima,4,PARTIDO POLÍTICO NACIONAL PERÚ LIBRE,16624
senador,Lima,4,PARTIDO DEMÓCRATA VERDE,15645
senador,Lima,4,UN CAMINO DIFERENTE,8735
senador,Lima,4,FUERZA Y LIBERTAD,8150
senador,Lima,4,FE EN EL PERÚ,6618
senador,Lima,4,PARTIDO POLÍTICO PRIN,5308
senador,Lima,4,PARTIDO POLÍTICO PERÚ ACCIÓN,5268
senador,Lima,4,PARTIDO DEMOCRATICO FEDERAL,5138
senador,Lima,4,PARTIDO DE LOS TRABAJADORES Y EMPRENDEDORES PTE - PERÚ,4290
senador,Lima,4,SALVEMOS AL PERÚ,3244
senador,Lima,4,PERÚ MODERNO,3242
senador,Lima Provincias,1,VOTOS NULOS,107278
senador,Lima Provincias,1,FUERZA POPULAR,97899
senador,Lima Provincias,1,VOTOS EN BLANCO,87157
senador,Lima Provincias,1,PARTIDO CÍVICO OBRAS,47050
senador,Lima Provincias,1,RENOVACIÓN POPULAR,44057
senador,Lima Provincias,1,PARTIDO DEL BUEN GOBIERNO,42977
senador,Lima Provincias,1,JUNTOS POR EL PERÚ,38539
senador,Lima Provincias,1,PARTIDO PAÍS PARA TODOS,32379
senador,Lima Provincias,1,AHORA NACIÓN - AN,31633
senador,Lima Provincias,1,PARTIDO SICREO,14534
senador,Lima Provincias,1,"PRIMERO LA GENTE – COMUNIDAD, ECOLOGÍA, LIBERTAD Y PROGRESO",11883
senador,Lima Provincias,1,FRENTE POPULAR AGRÍCOLA FÍA DEL PERÚ,11546
senador,Lima Provincias,1,PODEMOS PERÚ,10809
senador,Lima Provincias,1,ALIANZA PARA EL PROGRESO,9026
senador,Lima Provincias,1,PARTIDO FRENTE DE LA ESPERANZA 2021,8289
senador,Lima Provincias,1,PARTIDO DEMOCRÁTICO SOMOS PERÚ,5678
senador,Lima Provincias,1,PARTIDO APRISTA PERUANO,5550
senador,Lima Provincias,1,PARTIDO POLÍTICO PERÚ PRIMERO,5439
senador,Lima Provincias,1,PROGRESEMOS,4762
senador,Lima Provincias,1,PARTIDO POLÍTICO NACIONAL PERÚ LIBRE,4200
senador,Lima Provincias,1,PARTIDO DEMÓCRATA UNIDO PERÚ,3876
senador,Lima Provincias,1,ALIANZA ELECTORAL VENCEREMOS,2971
senador,Lima Provincias,1,PARTIDO POLÍTICO COOPERACIÓN POPULAR,2727
senador,Lima Provincias,1,PARTIDO DEMÓCRATA VERDE,2666
senador,Lima Provincias,1,PARTIDO MORADO,1969
senador,Lima Provincias,1,PARTIDO POLÍTICO INTEGRIDAD DEMOCRÁTICA,1968
senador,Lima Provincias,1,LIBERTAD POPULAR,1811
senador,Lima Provincias,1,UN CAMINO DIFERENTE,1766
senador,Lima Provincias,1,PARTIDO POLÍTICO PRIN,1548
senador,Lima Provincias,1,UNIDAD NACIONAL,1322
senador,Lima Provincias,1,AVANZA PAÍS - PARTIDO DE INTEGRACIÓN SOCIAL,1229
senador,Lima Provincias,1,FE EN EL PERÚ,1178
senador,Lima Provincias,1,PARTIDO DEMOCRATICO FEDERAL,1063
senador,Lima Provincias,1,FUERZA Y LIBERTAD,694
senador,Lima Provincias,1,PERÚ MODERNO,618
senador,Lima Provincias,1,SALVEMOS AL PERÚ,610
senador,Loreto,1,VOTOS EN BLANCO,93708
senador,Loreto,1,VOTOS NULOS,80518
senador,Loreto,1,FUERZA POPULAR,70337
senador,Loreto,1,ALIANZA PARA EL PROGRESO,29322
senador,Loreto,1,PARTIDO DEMOCRÁTICO SOMOS PERÚ,27349
senador,Loreto,1,JUNTOS POR EL PERÚ,24463
senador,Loreto,1,PARTIDO PAÍS PARA TODOS,20975
senador,Loreto,1,RENOVACIÓN POPULAR,20555
senador,Loreto,1,AHORA NACIÓN - AN,12005
senador,Loreto,1,FRENTE POPULAR AGRÍCOLA FÍA DEL PERÚ,11415
senador,Loreto,1,PARTIDO CÍVICO OBRAS,9191
senador,Loreto,1,PARTIDO POLÍTICO PERÚ PRIMERO,7496
senador,Loreto,1,PODEMOS PERÚ,7290
senador,Loreto,1,PARTIDO APRISTA PERUANO,3436
senador,Loreto,1,PARTIDO POLÍTICO NACIONAL PERÚ LIBRE,2778
senador,Loreto,1,PARTIDO DEMÓCRATA VERDE,2156
senador,Loreto,1,PARTIDO FRENTE DE LA ESPERANZA 2021,2079
senador,Loreto,1,PROGRESEMOS,2013
senador,Loreto,1,ALIANZA ELECTORAL VENCEREMOS,1989
senador,Loreto,1,PARTIDO MORADO,1973
senador,Loreto,1,PARTIDO POLÍTICO COOPERACIÓN POPULAR,1876
senador,Loreto,1,PARTIDO PATRIÓTICO DEL PERÚ,1419
senador,Loreto,1,UNIDAD NACIONAL,1359
senador,Loreto,1,PERÚ MODERNO,1313
senador,Loreto,1,FUERZA Y LIBERTAD,1313
senador,Loreto,1,LIBERTAD POPULAR,1294
senador,Loreto,1,PARTIDO DEMÓCRATA UNIDO PERÚ,1141
senador,Loreto,1,AVANZA PAÍS - PARTIDO DE INTEGRACIÓN SOCIAL,980
senador,Loreto,1,PARTIDO POLÍTICO INTEGRIDAD DEMOCRÁTICA,954
senador,Loreto,1,PARTIDO POLÍTICO PERÚ ACCIÓN,533
senador,Loreto,1,UN CAMINO DIFERENTE,475
senador,Loreto,1,PARTIDO DEMOCRATICO FEDERAL,371
senador,Madre de Dios,1,VOTOS EN BLANCO,23339
senador,Madre de Dios,1,VOTOS NULOS,20070
senador,Madre de Dios,1,JUNTOS POR EL PERÚ,17198
senador,Madre de Dios,1,FUERZA POPULAR,7275
senador,Madre de Dios,1,AHORA NACIÓN - AN,5520
senador,Madre de Dios,1,PARTIDO DEL BUEN GOBIERNO,4369
senador,Madre de Dios,1,ALIANZA PARA EL PROGRESO,4208
senador,Madre de Dios,1,FRENTE POPULAR AGRÍCOLA FÍA DEL PERÚ,3353
senador,Madre de Dios,1,PARTIDO PAÍS PARA TODOS,2483
senador,Madre de Dios,1,PARTIDO FRENTE DE LA ESPERANZA 2021,2393
senador,Madre de Dios,1,PODEMOS PERÚ,1955
senador,Madre de Dios,1,PROGRESEMOS,1898
senador,Madre de Dios,1,RENOVACIÓN POPULAR,1737
senador,Madre de Dios,1,PARTIDO POLÍTICO PERÚ PRIMERO,1394
senador,Madre de Dios,1,PARTIDO POLÍTICO NACIONAL PERÚ LIBRE,1189
senador,Madre de Dios,1,PARTIDO DEMOCRÁTICO SOMOS PERÚ,1128
senador,Madre de Dios,1,PARTIDO POLÍTICO COOPERACIÓN POPULAR,1081
senador,Madre de Dios,1,PARTIDO APRISTA PERUANO,888
senador,Madre de Dios,1,PARTIDO DEMÓCRATA UNIDO PERÚ,807
senador,Madre de Dios,1,UNIDAD NACIONAL,524
senador,Madre de Dios,1,PARTIDO DEMÓCRATA VERDE,489
senador,Madre de Dios,1,PARTIDO POLÍTICO PERÚ ACCIÓN,225
senador,Madre de Dios,1,PARTIDO POLÍTICO INTEGRIDAD DEMOCRÁTICA,216
senador,Madre de Dios,1,LIBERTAD POPULAR,180
senador,Madre de Dios,1,PARTIDO DEMOCRATICO FEDERAL,159
senador,Madre de Dios,1,FUERZA Y LIBERTAD,155
senador,Madre de Dios,1,UN CAMINO DIFERENTE,151
senador,Moquegua,1,VOTOS EN BLANCO,20912
senador,Moquegua,1,VOTOS NULOS,18238
senador,Moquegua,1,JUNTOS POR EL PERÚ,13958
senador,Moquegua,1,PARTIDO DEL BUEN GOBIERNO,10634
senador,Moquegua,1,AHORA NACIÓN - AN,10311
senador,Moquegua,1,PARTIDO POLÍTICO PERÚ PRIMERO,8505
senador,Moquegua,1,PARTIDO FRENTE DE LA ESPERANZA 2021,6360
senador,Moquegua,1,FUERZA POPULAR,5478
senador,Moquegua,1,RENOVACIÓN POPULAR,5282
senador,Moquegua,1,"PRIMERO LA GENTE – COMUNIDAD, ECOLOGÍA, LIBERTAD Y PROGRESO",4968
senador,Moquegua,1,PARTIDO POLÍTICO COOPERACIÓN POPULAR,3692
senador,Moquegua,1,PARTIDO PAÍS PARA TODOS,3305
senador,Moquegua,1,PODEMOS PERÚ,2605
senador,Moquegua,1,PROGRESEMOS,2536
senador,Moquegua,1,ALIANZA ELECTORAL VENCEREMOS,2029
senador,Moquegua,1,PARTIDO POLÍTICO NACIONAL PERÚ LIBRE,1781
senador,Moquegua,1,FRENTE POPULAR AGRÍCOLA FÍA DEL PERÚ,1635
senador,Moquegua,1,PARTIDO DEMÓCRATA UNIDO PERÚ,1400
senador,Moquegua,1,ALIANZA PARA EL PROGRESO,1383
senador,Moquegua,1,PARTIDO DEMOCRÁTICO SOMOS PERÚ,1315
senador,Moquegua,1,PARTIDO APRISTA PERUANO,1077
senador,Moquegua,1,PARTIDO POLÍTICO PRIN,850
senador,Moquegua,1,PARTIDO DEMÓCRATA VERDE,484
senador,Moquegua,1,UN CAMINO DIFERENTE,417
senador,Moquegua,1,PARTIDO MORADO,410
senador,Moquegua,1,UNIDAD NACIONAL,335
senador,Moquegua,1,FUERZA Y LIBERTAD,312
senador,Moquegua,1,LIBERTAD POPULAR,310
senador,Moquegua,1,AVANZA PAÍS - PARTIDO DE INTEGRACIÓN SOCIAL,293
senador,Moquegua,1,PARTIDO POLÍTICO INTEGRIDAD DEMOCRÁTICA,265
senador,Moquegua,1,PERÚ MODERNO,245
senador,Pasco,1,VOTOS EN BLANCO,29556
senador,Pasco,1,VOTOS NULOS,24735
senador,Pasco,1,JUNTOS POR EL PERÚ,17171
senador,Pasco,1,FUERZA POPULAR,15816
senador,Pasco,1,PODEMOS PERÚ,11471
senador,Pasco,1,RENOVACIÓN POPULAR,7533
senador,Pasco,1,AHORA NACIÓN - AN,6980
senador,Pasco,1,ALIANZA PARA EL PROGRESO,5751
senador,Pasco,1,PARTIDO DEMOCRÁTICO SOMOS PERÚ,5347
senador,Pasco,1,PARTIDO FRENTE DE LA ESPERANZA 2021,4491
senador,Pasco,1,FRENTE POPULAR AGRÍCOLA FÍA DEL PERÚ,3621
senador,Pasco,1,PARTIDO DEL BUEN GOBIERNO,3504
senador,Pasco,1,PARTIDO PAÍS PARA TODOS,1981
senador,Pasco,1,"PRIMERO LA GENTE – COMUNIDAD, ECOLOGÍA, LIBERTAD Y PROGRESO",1447
senador,Pasco,1,PARTIDO POLÍTICO COOPERACIÓN POPULAR,1193
senador,Pasco,1,PARTIDO POLÍTICO NACIONAL PERÚ LIBRE,1125
senador,Pasco,1,PARTIDO POLÍTICO PERÚ PRIMERO,1093
senador,Pasco,1,ALIANZA ELECTORAL VENCEREMOS,685
senador,Pasco,1,PARTIDO DEMÓCRATA VERDE,671
senador,Pasco,1,PARTIDO MORADO,459
senador,Pasco,1,PARTIDO POLÍTICO INTEGRIDAD DEMOCRÁTICA,436
senador,Pasco,1,AVANZA PAÍS - PARTIDO DE INTEGRACIÓN SOCIAL,261
senador,Pasco,1,FUERZA Y LIBERTAD,241
senador,Pasco,1,UN CAMINO DIFERENTE,205
senador,Pasco,1,PARTIDO DEMOCRATICO FEDERAL,157
senador,Pasco,1,UNIDAD NACIONAL,106
senador,Piura,1,VOTOS NULOS,214209
senador,Piura,1,VOTOS EN BLANCO,196228
senador,Piura,1,FUERZA POPULAR,176163
senador,Piura,1,JUNTOS POR EL PERÚ,74440
senador,Piura,1,PARTIDO DEL BUEN GOBIERNO,58172
senador,Piura,1,PARTIDO PAÍS PARA TODOS,51769
senador,Piura,1,RENOVACIÓN POPULAR,50687
senador,Piura,1,PARTIDO CÍVICO OBRAS,44125
senador,Piura,1,AHORA NACIÓN - AN,32046
senador,Piura,1,ALIANZA PARA EL PROGRESO,22935
senador,Piura,1,PODEMOS PERÚ,21140
senador,Piura,1,"PRIMERO LA GENTE – COMUNIDAD, ECOLOGÍA, LIBERTAD Y PROGRESO",20596
senador,Piura,1,PARTIDO POLÍTICO PERÚ PRIMERO,17637
senador,Piura,1,PARTIDO SICREO,15556
senador,Piura,1,PARTIDO APRISTA PERUANO,12221
senador,Piura,1,PARTIDO DEMOCRÁTICO SOMOS PERÚ,8948
senador,Piura,1,PARTIDO FRENTE DE LA ESPERANZA 2021,8580
senador,Piura,1,ALIANZA ELECTORAL VENCEREMOS,6748
senador,Piura,1,PROGRESEMOS,5373
senador,Piura,1,FRENTE POPULAR AGRÍCOLA FÍA DEL PERÚ,5237
senador,Piura,1,PARTIDO POLÍTICO NACIONAL PERÚ LIBRE,4478
senador,Piura,1,PARTIDO DEMÓCRATA UNIDO PERÚ,4354
senador,Piura,1,UN CAMINO DIFERENTE,4128
senador,Piura,1,PARTIDO POLÍTICO INTEGRIDAD DEMOCRÁTICA,3522
senador,Piura,1,PARTIDO POLÍTICO COOPERACIÓN POPULAR,3349
senador,Piura,1,PARTIDO DEMÓCRATA VERDE,2786
senador,Piura,1,LIBERTAD POPULAR,2527
senador,Piura,1,PARTIDO MORADO,2274
senador,Piura,1,AVANZA PAÍS - PARTIDO DE INTEGRACIÓN SOCIAL,2141
senador,Piura,1,UNIDAD NACIONAL,1993
senador,Piura,1,FUERZA Y LIBERTAD,1438
senador,Piura,1,PARTIDO POLÍTICO PRIN,1331
senador,Piura,1,SALVEMOS AL PERÚ,1197
senador,Piura,1,PARTIDO POLÍTICO PERÚ ACCIÓN,1080
senador,Puno,1,JUNTOS POR EL PERÚ,147904
senador,Puno,1,VOTOS EN BLANCO,123049
senador,Puno,1,VOTOS NULOS,121839
senador,Puno,1,PARTIDO CÍVICO OBRAS,84376
senador,Puno,1,AHORA NACIÓN - AN,69575
senador,Puno,1,PARTIDO POLÍTICO COOPERACIÓN POPULAR,50511
senador,Puno,1,PARTIDO DEL BUEN GOBIERNO,22218
senador,Puno,1,PARTIDO FRENTE DE LA ESPERANZA 2021,21357
senador,Puno,1,FUERZA POPULAR,16015
senador,Puno,1,FRENTE POPULAR AGRÍCOLA FÍA DEL PERÚ,13706
senador,Puno,1,PARTIDO DEMÓCRATA UNIDO PERÚ,11189
senador,Puno,1,RENOVACIÓN POPULAR,10071
senador,Puno,1,ALIANZA PARA EL PROGRESO,9298
senador,Puno,1,"PRIMERO LA GENTE – COMUNIDAD, ECOLOGÍA, LIBERTAD Y PROGRESO",8880
senador,Puno,1,PARTIDO PAÍS PARA TODOS,8235
senador,Puno,1,PARTIDO DEMOCRÁTICO SOMOS PERÚ,8141
senador,Puno,1,PARTIDO POLÍTICO NACIONAL PERÚ LIBRE,8064
senador,Puno,1,PODEMOS PERÚ,7737
senador,Puno,1,PARTIDO POLÍTICO PERÚ PRIMERO,7121
senador,Puno,1,PROGRESEMOS,4732
senador,Puno,1,PARTIDO DEMÓCRATA VERDE,4125
senador,Puno,1,UNIDAD NACIONAL,1723
senador,Puno,1,PARTIDO APRISTA PERUANO,1605
senador,Puno,1,PARTIDO POLÍTICO PRIN,1483
senador,Puno,1,PARTIDO DEMOCRATICO FEDERAL,1436
senador,Puno,1,FUERZA Y LIBERTAD,1298
senador,Puno,1,AVANZA PAÍS - PARTIDO DE INTEGRACIÓN SOCIAL,1171
senador,Puno,1,LIBERTAD POPULAR,1139
senador,Puno,1,UN CAMINO DIFERENTE,841
senador,Puno,1,PARTIDO POLÍTICO INTEGRIDAD DEMOCRÁTICA,760
senador,San Martín,1,VOTOS EN BLANCO,206707
senador,San Martín,1,VOTOS NULOS,87105
senador,San Martín,1,FUERZA POPULAR,65708
senador,San Martín,1,PARTIDO CÍVICO OBRAS,33874
senador,San Martín,1,RENOVACIÓN POPULAR,21039
senador,San Martín,1,ALIANZA PARA EL PROGRESO,17975
senador,San Martín,1,AHORA NACIÓN - AN,15142
senador,San Martín,1,AVANZA PAÍS - PARTIDO DE INTEGRACIÓN SOCIAL,9621
senador,San Martín,1,PARTIDO PAÍS PARA TODOS,9408
senador,San Martín,1,PODEMOS PERÚ,8293
senador,San Martín,1,PARTIDO DEMOCRÁTICO SOMOS PERÚ,6598
senador,San Martín,1,PARTIDO APRISTA PERUANO,4916
senador,San Martín,1,PARTIDO POLÍTICO PERÚ PRIMERO,4604
senador,San Martín,1,FRENTE POPULAR AGRÍCOLA FÍA DEL PERÚ,3981
senador,San Martín,1,ALIANZA ELECTORAL VENCEREMOS,3677
senador,San Martín,1,PARTIDO MORADO,3471
senador,San Martín,1,PARTIDO POLÍTICO NACIONAL PERÚ LIBRE,3431
senador,San Martín,1,PARTIDO FRENTE DE LA ESPERANZA 2021,2981
senador,San Martín,1,PARTIDO POLÍTICO PRIN,2668
senador,San Martín,1,PARTIDO DEMÓCRATA VERDE,2308
senador,San Martín,1,UNIDAD NACIONAL,2237
senador,San Martín,1,PARTIDO POLÍTICO COOPERACIÓN POPULAR,1791
senador,San Martín,1,PROGRESEMOS,1490
senador,San Martín,1,UN CAMINO DIFERENTE,1347
senador,San Martín,1,PARTIDO POLÍTICO INTEGRIDAD DEMOCRÁTICA,1201
senador,San Martín,1,FUERZA Y LIBERTAD,1069
senador,San Martín,1,LIBERTAD POPULAR,792
senador,San Martín,1,PARTIDO POLÍTICO PERÚ ACCIÓN,692
senador,San Martín,1,PERÚ MODERNO,333
senador,Tacna,1,VOTOS NULOS,32819
senador,Tacna,1,PARTIDO CÍVICO OBRAS,24842
senador,Tacna,1,JUNTOS POR EL PERÚ,23668
senador,Tacna,1,VOTOS EN BLANCO,23616
senador,Tacna,1,PARTIDO DEL BUEN GOBIERNO,22449
senador,Tacna,1,AHORA NACIÓN - AN,22255
senador,Tacna,1,"PRIMERO LA GENTE – COMUNIDAD, ECOLOGÍA, LIBERTAD Y PROGRESO",12358
senador,Tacna,1,RENOVACIÓN POPULAR,11406
senador,Tacna,1,FUERZA POPULAR,10251
senador,Tacna,1,PARTIDO PAÍS PARA TODOS,10151
senador,Tacna,1,PARTIDO FRENTE DE LA ESPERANZA 2021,8929
senador,Tacna,1,PARTIDO POLÍTICO COOPERACIÓN POPULAR,7268
senador,Tacna,1,ALIANZA PARA EL PROGRESO,6895
senador,Tacna,1,PODEMOS PERÚ,5317
senador,Tacna,1,FRENTE POPULAR AGRÍCOLA FÍA DEL PERÚ,3921
senador,Tacna,1,PARTIDO POLÍTICO PERÚ PRIMERO,3767
senador,Tacna,1,PARTIDO POLÍTICO NACIONAL PERÚ LIBRE,2883
senador,Tacna,1,PROGRESEMOS,2447
senador,Tacna,1,PARTIDO APRISTA PERUANO,2260
senador,Tacna,1,PARTIDO DEMÓCRATA UNIDO PERÚ,2109
senador,Tacna,1,PARTIDO DEMOCRÁTICO SOMOS PERÚ,1876
senador,Tacna,1,AVANZA PAÍS - PARTIDO DE INTEGRACIÓN SOCIAL,1871
senador,Tacna,1,PARTIDO MORADO,1224
senador,Tacna,1,PARTIDO DEMÓCRATA VERDE,888
senador,Tacna,1,UNIDAD NACIONAL,671
senador,Tacna,1,PARTIDO POLÍTICO INTEGRIDAD DEMOCRÁTICA,664
senador,Tacna,1,LIBERTAD POPULAR,653
senador,Tacna,1,PARTIDO POLÍTICO PERÚ ACCIÓN,642
senador,Tacna,1,UN CAMINO DIFERENTE,497
senador,Tacna,1,FUERZA Y LIBERTAD,371
senador,Tumbes,1,VOTOS EN BLANCO,30096
senador,Tumbes,1,VOTOS NULOS,26792
senador,Tumbes,1,FUERZA POPULAR,23095
senador,Tumbes,1,PARTIDO PAÍS PARA TODOS,7821
senador,Tumbes,1,ALIANZA PARA EL PROGRESO,6793
senador,Tumbes,1,JUNTOS POR EL PERÚ,6162
senador,Tumbes,1,RENOVACIÓN POPULAR,5502
senador,Tumbes,1,PODEMOS PERÚ,5116
senador,Tumbes,1,AHORA NACIÓN - AN,4567
senador,Tumbes,1,PARTIDO DEL BUEN GOBIERNO,4506
senador,Tumbes,1,PARTIDO DEMOCRÁTICO SOMOS PERÚ,3389
senador,Tumbes,1,FE EN EL PERÚ,2217
senador,Tumbes,1,"PRIMERO LA GENTE – COMUNIDAD, ECOLOGÍA, LIBERTAD Y PROGRESO",1941
senador,Tumbes,1,PARTIDO POLÍTICO NACIONAL PERÚ LIBRE,1666
senador,Tumbes,1,ALIANZA ELECTORAL VENCEREMOS,1434
senador,Tumbes,1,PARTIDO APRISTA PERUANO,1410
senador,Tumbes,1,PARTIDO POLÍTICO PERÚ PRIMERO,1154
senador,Tumbes,1,FRENTE POPULAR AGRÍCOLA FÍA DEL PERÚ,1128
senador,Tumbes,1,PARTIDO FRENTE DE LA ESPERANZA 2021,1019
senador,Tumbes,1,UNIDAD NACIONAL,978
senador,Tumbes,1,PARTIDO POLÍTICO INTEGRIDAD DEMOCRÁTICA,939
senador,Tumbes,1,PARTIDO DEMÓCRATA VERDE,624
senador,Tumbes,1,PARTIDO MORADO,508
senador,Tumbes,1,LIBERTAD POPULAR,489
senador,Tumbes,1,PARTIDO DE LOS TRABAJADORES Y EMPRENDEDORES PTE - PERÚ,420
senador,Tumbes,1,PARTIDO POLÍTICO COOPERACIÓN POPULAR,398
senador,Tumbes,1,UN CAMINO DIFERENTE,339
senador,Tumbes,1,AVANZA PAÍS - PARTIDO DE INTEGRACIÓN SOCIAL,307
senador,Tumbes,1,PROGRESEMOS,302
senador,Tumbes,1,SALVEMOS AL PERÚ,221
senador,Tumbes,1,FUERZA Y LIBERTAD,197
senador,Tumbes,1,PARTIDO POLÍTICO PERÚ ACCIÓN,137
senador,Tumbes,1,PARTIDO DEMOCRATICO FEDERAL,126
senador,Ucayali,1,VOTOS EN BLANCO,66843
senador,Ucayali,1,FUERZA POPULAR,50439
senador,Ucayali,1,VOTOS NULOS,45691
senador,Ucayali,1,PARTIDO CÍVICO OBRAS,12316
senador,Ucayali,1,PARTIDO PAÍS PARA TODOS,10535
senador,Ucayali,1,RENOVACIÓN POPULAR,8804
senador,Ucayali,1,FRENTE POPULAR AGRÍCOLA FÍA DEL PERÚ,7941
senador,Ucayali,1,PARTIDO DEMOCRÁTICO SOMOS PERÚ,7906
senador,Ucayali,1,PARTIDO DEL BUEN GOBIERNO,7201
senador,Ucayali,1,PODEMOS PERÚ,7163
senador,Ucayali,1,AHORA NACIÓN - AN,6392
senador,Ucayali,1,PARTIDO POLÍTICO PERÚ PRIMERO,4119
senador,Ucayali,1,ALIANZA PARA EL PROGRESO,3061
senador,Ucayali,1,PARTIDO FRENTE DE LA ESPERANZA 2021,2485
senador,Ucayali,1,PROGRESEMOS,2456
senador,Ucayali,1,PARTIDO POLÍTICO NACIONAL PERÚ LIBRE,2336
senador,Ucayali,1,PARTIDO APRISTA PERUANO,2207
senador,Ucayali,1,PARTIDO DEMÓCRATA UNIDO PERÚ,2157
senador,Ucayali,1,PARTIDO POLÍTICO COOPERACIÓN POPULAR,1378
senador,Ucayali,1,ALIANZA ELECTORAL VENCEREMOS,1300
senador,Ucayali,1,AVANZA PAÍS - PARTIDO DE INTEGRACIÓN SOCIAL,1256
senador,Ucayali,1,PARTIDO DEMÓCRATA VERDE,896
senador,Ucayali,1,PARTIDO MORADO,703
senador,Ucayali,1,FE EN EL PERÚ,698
senador,Ucayali,1,PARTIDO POLÍTICO PERÚ ACCIÓN,588
senador,Ucayali,1,FUERZA Y LIBERTAD,521
senador,Ucayali,1,UNIDAD NACIONAL,484
senador,Ucayali,1,LIBERTAD POPULAR,482
senador,Ucayali,1,UN CAMINO DIFERENTE,424
senador,Ucayali,1,PARTIDO POLÍTICO PRIN,337
senador,Ucayali,1,PERÚ MODERNO,302
senador,PEX,1,VOTOS NULOS,100996
senador,PEX,1,RENOVACIÓN POPULAR,56987
senador,PEX,1,VOTOS EN BLANCO,47024
senador,PEX,1,FUERZA POPULAR,36913
senador,PEX,1,PARTIDO DEL BUEN GOBIERNO,25357
senador,PEX,1,PARTIDO CÍVICO OBRAS,22874
senador,PEX,1,PARTIDO PAÍS PARA TODOS,21113
senador,PEX,1,AHORA NACIÓN - AN,18128
senador,PEX,1,"PRIMERO LA GENTE – COMUNIDAD, ECOLOGÍA, LIBERTAD Y PROGRESO",8671
senador,PEX,1,JUNTOS POR EL PERÚ,6581
senador,PEX,1,PARTIDO APRISTA PERUANO,4656
senador,PEX,1,PARTIDO FRENTE DE LA ESPERANZA 2021,3084
senador,PEX,1,UN CAMINO DIFERENTE,2974
senador,PEX,1,PARTIDO SICREO,2968
senador,PEX,1,FRENTE POPULAR AGRÍCOLA FÍA DEL PERÚ,2011
senador,PEX,1,ALIANZA ELECTORAL VENCEREMOS,1675
senador,PEX,1,PARTIDO DEMOCRÁTICO SOMOS PERÚ,1583
senador,PEX,1,PARTIDO DEMÓCRATA UNIDO PERÚ,1525
senador,PEX,1,UNIDAD NACIONAL,1478
senador,PEX,1,PARTIDO MORADO,1446
senador,PEX,1,PODEMOS PERÚ,1294
senador,PEX,1,LIBERTAD POPULAR,1290
senador,PEX,1,ALIANZA PARA EL PROGRESO,1257
senador,PEX,1,PARTIDO POLÍTICO NACIONAL PERÚ LIBRE,1249
senador,PEX,1,PARTIDO DEMÓCRATA VERDE,1165
senador,PEX,1,PARTIDO POLÍTICO COOPERACIÓN POPULAR,1162
senador,PEX,1,AVANZA PAÍS - PARTIDO DE INTEGRACIÓN SOCIAL,921
senador,PEX,1,PARTIDO POLÍTICO INTEGRIDAD DEMOCRÁTICA,825
senador,PEX,1,PARTIDO POLÍTICO PERÚ PRIMERO,698
senador,PEX,1,PARTIDO POLÍTICO PERÚ ACCIÓN,520
senador,PEX,1,FUERZA Y LIBERTAD,415
senador,PEX,1,PERÚ MODERNO,258
senador,PEX,1,SALVEMOS AL PERÚ,258
senador,Nacional,30,VOTOS NULOS,2940046
senador,Nacional,30,VOTOS EN BLANCO,2190040
senador,Nacional,30,FUERZA POPULAR,2147502
senador,Nacional,30,JUNTOS POR EL PERÚ,1761431
senador,Nacional,30,RENOVACIÓN POPULAR,1592325
senador,Nacional,30,PARTIDO DEL BUEN GOBIERNO,1510791
senador,Nacional,30,PARTIDO CÍVICO OBRAS,1273164
senador,Nacional,30,AHORA NACIÓN - AN,1184230
senador,Nacional,30,PARTIDO PAÍS PARA TODOS,831762
senador,Nacional,30,"PRIMERO LA GENTE – COMUNIDAD, ECOLOGÍA, LIBERTAD Y PROGRESO",511033
senador,Nacional,30,PARTIDO SICREO,395353
senador,Nacional,30,ALIANZA PARA EL PROGRESO,381435
senador,Nacional,30,PODEMOS PERÚ,320274
senador,Nacional,30,PARTIDO APRISTA PERUANO,246771
senador,Nacional,30,PARTIDO FRENTE DE LA ESPERANZA 2021,238426
senador,Nacional,30,FRENTE POPULAR AGRÍCOLA FÍA DEL PERÚ,223884
senador,Nacional,30,PARTIDO DEMOCRÁTICO SOMOS PERÚ,194519
senador,Nacional,30,PARTIDO POLÍTICO COOPERACIÓN POPULAR,162930
senador,Nacional,30,PARTIDO POLÍTICO PERÚ PRIMERO,149994
senador,Nacional,30,PROGRESEMOS,142334
senador,Nacional,30,ALIANZA ELECTORAL VENCEREMOS,132466
senador,Nacional,30,UN CAMINO DIFERENTE,124454
senador,Nacional,30,PARTIDO DEMÓCRATA UNIDO PERÚ,117237
senador,Nacional,30,PARTIDO PATRIÓTICO DEL PERÚ,111394
senador,Nacional,30,PARTIDO POLÍTICO NACIONAL PERÚ LIBRE,109375
senador,Nacional,30,AVANZA PAÍS - PARTIDO DE INTEGRACIÓN SOCIAL,72181
senador,Nacional,30,PARTIDO MORADO,71062
senador,Nacional,30,LIBERTAD POPULAR,66919
senador,Nacional,30,PARTIDO DEMÓCRATA VERDE,65779
senador,Nacional,30,UNIDAD NACIONAL,56028
senador,Nacional,30,PARTIDO POLÍTICO INTEGRIDAD DEMOCRÁTICA,52900
senador,Nacional,30,FUERZA Y LIBERTAD,31847
senador,Nacional,30,FE EN EL PERÚ,26318
senador,Nacional,30,PARTIDO DEMOCRATICO FEDERAL,21371
senador,Nacional,30,PARTIDO POLÍTICO PERÚ ACCIÓN,20892
senador,Nacional,30,PARTIDO POLÍTICO PRIN,20474
senador,Nacional,30,PARTIDO DE LOS TRABAJADORES Y EMPRENDEDORES PTE - PERÚ,15460
